name,age,street,city,state,zip,lng,lat
Melanie Murphy,31,99021 Simmons Wells Suite 390,Lake Tracyfurt,New Jersey,94551,78.590998,79.6682705
Michael Zuniga,54,315 Waters Groves,Teresaborough,Kansas,95112,146.062875,81.1954855
Kristopher Watson,53,0468 Michael Extension Apt. 138,Lake Corey,Texas,18075,-140.700028,71.3264595
Brittney Collins,28,724 Bradley Island,Chaneyville,Missouri,94497,-151.629815,23.664912
Jenna Fernandez,63,91282 Kimberly Estate Suite 201,Dudleymouth,Idaho,61044,-64.595979,67.266613
Jessica Miller,56,7417 Bryan Knolls Suite 130,West Kimberly,Hawaii,30387,-118.962880,86.804104
Matthew Graves MD,32,19661 Erica Burg Suite 873,North Corey,North Carolina,39006,-53.565550,36.323585
George Rodriguez,49,41979 Brian Squares,West Amy,Massachusetts,49798,-98.289842,8.3241495
John Perez,51,1143 Parks Oval Apt. 150,Petersonfort,Maryland,65424,-6.990921,68.041145
Michael Lee,23,74430 Douglas Mountain Apt. 889,Port Laurie,Mississippi,58999,-127.441747,-83.5259025
Matthew Rhodes,25,428 Daniel Ferry Apt. 072,Davenportport,Massachusetts,32458,137.572810,72.798840
Melanie Ayers,31,97994 Elizabeth Views,Jacobchester,New York,09842,-25.519436,-41.039108
Sherry Ramirez,39,23190 Miller Wall Apt. 373,Caitlinside,Florida,15065,-161.991900,-65.0223855
Justin Stewart,65,7365 Smith Gardens,East James,Connecticut,76015,146.374111,-58.8800945
Kyle Hernandez,50,2229 Candice Street,Dennischester,Virginia,10852,108.819534,-17.649158
Tanya Frazier,74,67146 Dawson View Suite 402,Port Stephen,Oregon,69119,-72.609899,-21.0645995
Brian Wilson,73,762 Ryan Meadows Apt. 262,Taylormouth,New Hampshire,77545,-89.033516,83.5043315
William Sanchez,49,1162 Nathan Place Apt. 300,New Tammy,Alaska,99041,-40.837774,-43.7937905
Emma Roberts,70,744 Ramsey River Suite 951,Michelleberg,Washington,97138,112.522349,-51.2823975
Jill Greene,65,841 Shawn Crossroad Suite 634,Reginaldville,Missouri,20258,-112.846014,76.4663745
Angela Rodriguez,76,808 Lauren Flat,Cabreraport,North Dakota,65302,140.973589,81.349954
Riley Harrison,72,48630 Patrick Dam,South Yvonneshire,North Carolina,62621,-6.096950,9.7602875
Courtney Watkins,77,25306 Mark Road Apt. 600,East Robertbury,Colorado,59303,-90.558077,25.3452565
Joshua Clayton,73,87830 Stevens Square Apt. 091,New Williamtown,Vermont,65308,87.108170,10.230550
Brandon Smith,25,82020 Lorraine Mill Suite 343,Taylormouth,Arizona,27821,77.840139,9.2352125
Karina Barajas,52,849 Johnson Wall,Greenhaven,Massachusetts,73788,-178.544257,4.437132
Russell Daniels,73,97222 Gina Ports Apt. 315,Yoderland,Idaho,33117,-143.217428,0.0173235
Hannah Hodge,43,3304 Felicia Plains Suite 579,South Annville,Idaho,90174,71.597438,-17.1732495
Daniel Baker,73,47841 Adam Gateway,East Tiffanybury,New Jersey,80760,133.557563,-56.5064445
Maria Martin,51,08358 Kim Crescent Suite 500,Moonborough,Idaho,46798,73.839022,-39.2542355
Matthew Howard,28,8360 Katherine Harbor,Robinsonmouth,Wyoming,70405,-134.413586,-76.0115375
Rachel Snyder,36,3256 Vincent Mountain Suite 693,Taylorstad,South Carolina,03378,-65.644743,-30.615411
Casey Randall,43,3626 Amy Wells Suite 380,Kimberlyside,West Virginia,03524,27.190433,-79.1448295
Nathan Hill,56,398 Sara Forge Suite 440,New Lorimouth,Indiana,50573,-89.175016,69.0040155
Mark Lopez,60,0274 Lawrence Station,West Jamesland,New York,75814,84.897655,56.0041585
Samantha Howe,57,263 Joel Roads,Danielshaven,North Carolina,08738,43.208982,-39.967584
Jeffrey Forbes,24,4275 Jessica Village,South Theresafort,Colorado,05345,-156.505889,-27.454699
Alexandra Thomas,22,87403 Brooks Fort,Jefferyview,Arizona,16958,15.208794,76.949812
Anthony Miller,68,6594 Sean Mills,Samanthafurt,Rhode Island,80097,-170.313596,-63.393814
Zachary Kennedy,40,9611 Rodney Shore Suite 829,East Ronaldside,Nevada,80448,130.756943,6.2938085
Jessica Sexton,36,597 Bonnie Falls Suite 931,Guerraside,Nevada,14402,40.002674,-89.961721
Micheal Thomas,45,63779 Garner Mews,Kristinaberg,Indiana,63657,-129.586381,-68.2705045
Amanda Allen,52,16061 Brenda Harbors,Garyside,Florida,72649,-168.438894,-33.216134
Erik Young,28,793 Kevin Cove,West Jeff,Mississippi,82627,-139.563880,-41.090692
Gwendolyn Smith,58,630 Audrey Mill Suite 545,New Richardville,California,90351,135.797696,-67.2851715
Alexis Knight,55,786 Knight Lights Suite 012,South Gregoryport,Nebraska,56128,50.630040,1.953826
Patricia Edwards,75,8350 Mandy Track,West Ashleyfort,Oregon,60606,81.563111,-17.8230085
Stacy Randall,57,0162 Cruz Plain,Lake Meagan,Massachusetts,99653,168.821008,43.8326985
Justin Daniel,73,85323 Baldwin Place Suite 005,West Melanie,Wisconsin,46863,14.161355,76.6449115
Paula Shaw,72,7443 Munoz Plaza Suite 420,Joshuaburgh,Alabama,52978,-80.304891,29.9406105
Teresa Obrien,45,1899 White Flats,Theresabury,Iowa,86352,-69.633014,69.4266365
Darrell Ruiz,51,8754 Davila Shores,Martintown,New Jersey,91997,-163.253806,42.3870125
Thomas Long,59,95852 Carroll Trail Apt. 522,West Hayleyfurt,Kansas,65479,-13.051040,-25.156463
Christopher Hayes,62,7823 Reilly Road,Moorebury,Oklahoma,25069,-40.316188,-54.698377
Sandra Le,49,2181 Margaret Lane,Amberside,Kansas,68770,164.090082,67.175830
Jennifer Lewis,31,41803 Joshua Fords,Masonside,Nebraska,57584,71.474024,59.774887
Rhonda Brown,44,933 Long Valley,Port Mark,Iowa,01563,-161.892843,-75.6369695
James Hood PhD,28,33496 Parrish Run,Daisyborough,South Carolina,78819,-45.966276,-65.5253975
Kimberly Flores,28,58827 Heather Stream,Reedport,Florida,89389,1.206897,9.420285
Danielle Manning,66,4294 Reilly Route,Angelicatown,North Carolina,50559,13.222145,59.419015
Patrick Clark,22,26823 Caldwell Passage Apt. 269,Brownport,Iowa,31456,78.574405,-71.0632105
Barbara Campbell,33,92002 Maureen Radial Suite 029,New Robertstad,Arizona,25935,50.628024,31.416012
Jillian Barton,67,05492 Luna Drive Apt. 577,Callahanmouth,Michigan,41869,165.298733,-13.724601
Tracey Brown,28,7510 Petersen Orchard,North Rebecca,Vermont,57255,90.660498,-2.515562
Mr. Robert Richardson Jr.,51,350 Wilson Stream,Brittanychester,Washington,46152,108.936771,-52.9727555
Alexander Watkins,77,5393 Dunlap Alley Apt. 519,Jacksonville,New York,59323,108.454275,89.333569
Daniel Hansen,63,56285 Schmidt Forks,New Amanda,Kentucky,14101,-47.330057,-68.236955
Timothy Foley,33,10422 Jackie Harbor,Charlesside,Massachusetts,99610,98.655261,36.9895615
Joel Ball,29,056 Kidd Mount Suite 895,Lake Carlos,Michigan,17069,39.156553,58.7420175
Jessica Ramirez,73,8132 Anthony Circle,Harperbury,Nevada,70101,-63.682742,-15.3952485
Elizabeth Spencer,19,9897 Lawrence Hills,Karenton,New York,15401,139.378176,-25.7199765
Shannon James,55,7631 Anderson Spurs Apt. 764,New Valerie,Mississippi,81009,-56.484952,-0.8731125
Larry Ortiz,73,64177 Diaz Road,North Nancy,Oregon,45727,23.858888,26.8770385
Kayla Woodward,44,7620 Walls Fork Suite 858,Sheltonton,Utah,11278,144.158984,49.116348
Kevin Smith,22,0278 Christopher Trail,Rogershaven,Indiana,75192,-55.406053,24.072405
Summer Davis,61,7336 Julia Freeway,Andersonmouth,Delaware,76830,23.901333,-45.062231
Tina Moore,77,97987 Johnson Loop,East Shawnmouth,Florida,18425,-98.386917,-82.3908355
Phillip Hernandez,57,845 Campos Squares Apt. 022,Jenniferborough,Montana,66747,46.447851,-62.3954115
Bruce Nunez,78,13324 Roberts Stream Apt. 241,Kennedytown,New Hampshire,17524,28.665678,29.279973
Ronald Barnett,54,9012 Mitchell Common Apt. 414,Villarrealside,Arkansas,84995,-55.373023,82.183382
Scott Bonilla,73,9538 Nelson Courts Suite 168,Port Brittany,Pennsylvania,08843,-79.671655,24.082919
Lori Mclaughlin,66,105 Oconnor Spur Apt. 961,Jamestown,Montana,98443,81.135214,-35.413573
Selena Scott,60,060 Cynthia Trail,New Darren,Tennessee,02456,-78.914780,-42.3660285
Kristina Baldwin,75,16854 Cooper Canyon Apt. 711,New Anitaton,Hawaii,50535,149.838248,-25.093108
Jeffrey Benson,35,00426 Harris Throughway Suite 836,Carpenterport,Maryland,82634,-164.533934,45.137282
William Hunt,73,16662 Krystal Shoal Apt. 168,Dariusfurt,Connecticut,79608,-134.804492,82.867797
Lee Mooney,22,946 Thomas Passage,Duncanberg,Nevada,95982,105.557587,5.1206575
Rebecca Gomez,38,92598 Douglas River Apt. 243,North Valerieport,Idaho,93063,148.168504,52.7605705
Andrea Arnold,39,7389 Martinez Square Apt. 853,Veronicahaven,New Mexico,93779,62.500921,-16.538740
Paul Miller,67,77460 Eric Roads Apt. 863,Wellsberg,Delaware,58121,-62.934497,53.8541855
Curtis Zhang,41,883 Stewart Stream,Port Scott,New York,57173,118.558457,-10.2105425
Samantha Conway,77,8315 Mercer Vista Apt. 406,Pamelabury,Kansas,46302,155.998126,65.9317005
Danielle Thomas,77,2539 Melissa Street Suite 631,Port Jerry,Montana,03879,86.636903,-35.7624545
Arthur Francis,63,77423 Donna Ports Apt. 158,South Rodneyside,New Hampshire,92729,92.754289,-11.566055
Sherri Bernard,44,8189 Melissa Rapids,Smithhaven,Minnesota,24321,-117.993485,-6.186101
Danny Morrow,33,80282 David Place Suite 341,Jameston,West Virginia,41679,129.912562,78.2817145
Stephanie Smith,23,1775 Roberts Run,Scottport,Wyoming,29123,-118.541321,16.289579
John Mills,34,281 Wilson Pass,South Kimberlyburgh,Massachusetts,51877,121.426606,8.674415
Christine Reeves,59,65654 Nathaniel Circle Apt. 334,West Janethaven,Connecticut,34784,-16.314005,-44.800646
Stephen Wiley,80,00646 James Grove Apt. 990,North Jessica,Idaho,38347,106.505397,60.6791135
Maria Davis,28,715 Davis Shoal,Barnesland,Michigan,17756,76.549393,-13.838383
Donald Mccarthy,28,42145 Rice Stravenue,Michaelberg,Texas,46984,-124.992301,78.9958345
Michael Olson,27,531 Cook Estates,Lake Justin,Virginia,48666,46.708920,4.765231
Brad Miller,41,371 Owen Rue Suite 054,Lake Pattystad,Arkansas,87740,-133.962808,-44.830542
Rodney Holt,58,5224 Kelley Hills,Monicaside,New Jersey,71526,123.666729,55.368184
Alicia Bennett,52,841 Trevor Groves Apt. 436,Port Alicia,Maine,24261,67.776456,-59.631860
Tracy Grant,55,460 Keith Loop Suite 432,South Ian,Nevada,67179,175.858354,-76.664398
Daniel Boone,60,0352 Kim Flat,East Brandon,Hawaii,48322,-121.785377,48.104707
Mr. David Ray MD,31,1868 Grant Street Suite 986,New Kimberly,Missouri,01209,123.833080,-89.7902755
Jason Sullivan,28,2842 Matthew Common,Mooreshire,Utah,81369,-157.656332,-37.256330
Michael Bell,69,638 Julie Valley,West Linda,Wyoming,18412,-75.398863,-88.774222
Eric White,72,682 Wright Groves Apt. 574,East Robert,California,31953,-128.424982,61.422812
Debbie Wyatt,29,469 Navarro Springs Apt. 794,West Keithbury,Wisconsin,28273,80.873061,-66.5174995
Sara Perry,63,2272 Jared Green Suite 145,Tiffanyland,West Virginia,85627,85.314882,16.0558715
Tami Woods,39,1509 Kevin Glen,Michelleville,Louisiana,10028,-83.372878,66.1455415
Heather Hodges,63,6207 Shannon Motorway,Port Coreybury,Georgia,26023,-176.536035,75.631038
Elizabeth Stewart,52,47798 Michelle Fall,Meganfort,Arizona,20224,-48.771323,-75.0961365
Shelly Miller,26,0389 Charles Crossroad Apt. 781,Port Sarah,Virginia,82932,110.863156,-7.5560755
Margaret Keith,62,333 Kristie Port,Jenniferfurt,Massachusetts,27293,-92.447313,7.6792505
Mark Fisher,56,1570 Kristin Unions Suite 774,Johnsonborough,Alaska,27423,141.374783,-60.158603
James Johnson,34,8678 Jessica Shoals Apt. 309,Meyerbury,Vermont,31720,-113.862988,-61.2733935
Alexander Thompson,60,865 Moyer Pines Apt. 484,Sharonton,Indiana,95951,172.301581,-56.216442
Michael Zamora,80,9084 Katherine Meadows,Garciachester,Delaware,13282,-96.055506,29.8884585
Daniel Marshall,52,44147 Davis Ports Suite 999,Port Andrea,Arkansas,70730,-7.109818,47.8646015
April Buchanan,40,60343 Stokes Ville,Johnview,Washington,05688,169.434177,-57.611213
John Lee,24,73067 Brenda Camp,West Ronald,California,72739,161.608436,34.886894
Kristin Shannon,47,567 Michael Run Apt. 260,Johnshire,Virginia,98595,-39.306235,-24.6111285
Jose Higgins,22,405 Richard Rest Suite 728,Garciaville,Pennsylvania,14850,-126.104488,-88.9877245
Donna Mooney,60,7806 Mary Coves Suite 945,Courtneyhaven,New York,33643,123.481471,-7.222460
Craig Fisher,69,616 Edwards Locks,North Rachelfort,Alabama,35456,120.218910,-88.7429795
Paige Mcdonald,42,59823 Martinez Meadows,Angelabury,New Hampshire,93700,165.082611,86.517049
Rodney Dean,27,68107 Gerald Ford Suite 525,North Sandra,Washington,66383,34.290156,58.6353665
Jessica Garcia,44,975 Bass Mill,West Jennifer,Georgia,55295,-104.142277,45.0903755
Christopher Diaz,38,81796 Courtney Parks,Ericview,North Carolina,18363,-25.414091,-22.4286195
Alexa Hunt,44,7005 Sanchez Lodge Apt. 629,South Robert,Connecticut,65760,43.025767,66.4084185
Sean Carroll,41,97680 Brown Mountain Apt. 188,South Michael,Illinois,42183,76.530112,62.6792085
Jennifer Rivera,43,03205 Sloan Spur,Maxwellfurt,Oklahoma,72359,100.880411,-87.549866
Barbara Gonzalez,46,951 Rowland Plains,Lisaport,Virginia,04139,-117.104373,40.902820
Zoe Love,46,3840 Cole Greens Suite 868,Port Dominique,Nebraska,07866,-62.400241,-68.3727565
Daisy Andrews,61,11841 Jessica Extensions,South Christopher,Tennessee,61950,56.681809,-61.888902
Lisa Dunn,52,0923 Sarah Vista,New Karenmouth,North Dakota,76137,75.477366,-81.174791
Ethan Miller,56,5632 Sonya Key,Walkerchester,Washington,12004,137.103059,2.141441
Daryl Garcia,20,636 Jennifer Cliffs,Jenniferland,Ohio,87335,43.196682,-80.406147
Randy Curtis,41,9914 Michelle Fort,New Penny,Wisconsin,81821,-11.863322,21.8594095
Breanna Galloway,18,287 Graham Mountain,Graveschester,Connecticut,28191,-144.929805,67.677554
Meghan Bowen,39,257 Bradshaw Harbors,North Edward,Rhode Island,35197,-162.987047,-72.704669
Briana Lewis,46,705 Roy Via Apt. 499,Port Michael,Hawaii,67877,25.569018,41.457671
Jason Burke,52,4380 Larsen Highway,South Joseside,New Hampshire,69304,-141.234256,-25.505868
Jim Bell,67,546 Caitlin Street Suite 445,New Rebecca,North Carolina,64871,-165.104725,31.708900
Lindsey Sanders,22,0140 Jerry Fork Suite 120,Mckinneyfort,Maryland,08068,-34.918898,7.223539
Ashley Berg DDS,22,2663 Sara Road,Danieltown,New Mexico,58398,85.864222,-57.9441665
Robin Benson,60,705 Mccann Views,North Rachelview,Oregon,40405,-107.225811,17.428588
Jonathan Dunlap,67,3625 Margaret Via,Port Scott,Vermont,60977,34.996131,18.4558315
Reginald Cooper,57,881 Welch Haven Suite 298,East Thomas,Minnesota,14163,128.356483,-63.0000275
Nancy Johnson,41,761 Chad Squares,Parksborough,Montana,44212,153.857516,-76.535527
Richard Murphy,57,884 Michael Views Apt. 436,Port Jeremiah,Montana,83791,-109.056000,-73.353771
Rebecca Chase,54,345 Thomas Mount Suite 017,Garciastad,Michigan,07230,-172.635700,35.3631255
Kimberly Harvey,20,9252 Reynolds Stravenue,South James,Nebraska,84198,-57.815773,52.335012
Amy Duran,38,57360 Pham Drive,Damonside,North Carolina,58160,-48.652238,72.0927895
Randall Le,38,93180 Natasha Inlet Apt. 162,Lake Ashleyland,Arizona,10286,-47.143362,-28.069504
John Tapia,47,89262 Austin Forges Apt. 030,Masonton,Alabama,88063,114.440778,-0.9303485
Christopher Campbell,72,24878 Tony Fords,Solisfurt,Ohio,09843,-15.725234,46.666427
James Walter,58,3620 Stephen Groves Suite 912,Hernandezfort,Hawaii,73784,-46.324956,43.997217
Rhonda Parrish,64,72600 Reynolds Valley,North Savannahborough,South Carolina,51174,-23.002877,-38.268571
Kathleen Castaneda,22,36049 William Lake,East Karen,Iowa,74960,-32.096791,80.1489855
Adam King,27,78934 Daniel Extension Apt. 366,Sandraland,Hawaii,48747,-146.319750,-29.6281245
Angela Marshall,75,554 Lori Trail,Port Anthonytown,South Carolina,21261,-42.666733,71.589273
Sherry Young,68,0013 Steven Drives Suite 737,North Amberton,West Virginia,38817,17.073263,36.308335
Paula Hernandez,20,11494 Connie Island Suite 982,Cindyshire,Idaho,21674,97.723483,49.466764
Adam Alvarez,36,59098 Bryan Way,New Valeriemouth,Massachusetts,12834,-0.887022,84.6907695
Jennifer Le,44,48134 Michael Keys,North Geraldberg,California,68908,13.392651,-66.193534
Devon Reyes,73,838 Deborah Forks,Port Joshuashire,Oklahoma,47765,-175.270705,14.4719055
Teresa Doyle,42,94444 Leonard Knoll Suite 669,East Adrianville,Maine,90420,91.921684,-81.0638625
Michael Perkins,63,77242 Megan Dale,East Jamesfurt,Kentucky,97234,116.391602,25.580236
Felicia Hall,74,456 Jasmine Branch Apt. 370,Russellton,Colorado,48724,-96.344688,-86.428286
Christopher Mills,72,854 Mahoney Turnpike Apt. 063,Luistown,Washington,37437,-98.211987,64.626402
Alexander Nelson,70,030 Gibson Isle Apt. 776,Lake Karenbury,Pennsylvania,96860,89.385947,-65.1436575
Meghan Baker,48,2510 Perez Landing,Peterston,Tennessee,75013,-164.158295,28.248944
Craig Murray,58,7832 Pitts Station Suite 590,Wilsontown,Pennsylvania,55806,-144.864213,-76.310580
Pamela Johnson,76,55127 Rodriguez Valley Suite 807,Michellemouth,Mississippi,28905,0.502386,0.9151235
Rachel Macias,28,7240 Andrea Mission Suite 015,Reynoldshaven,Delaware,65786,59.768671,-59.3539615
Ernest Vargas,42,54203 Deborah Plains,Haletown,Georgia,48157,-94.019449,75.722642
Denise Carrillo,76,076 Davis Wall Suite 998,New Jimmyton,Delaware,44000,-150.233352,7.595425
Cynthia Flynn,41,3008 Matthew Underpass,North Dennishaven,Michigan,84174,46.747537,-55.0873695
Tammy Gutierrez,58,47821 Curtis Islands Suite 883,Jesusview,Michigan,27351,152.894313,-67.1992465
Anne Hernandez,73,8898 Sue Mall,New Ricardoside,Louisiana,26596,-82.083632,-77.663199
Cindy Bryan,43,470 Jones Mountain Apt. 704,East Teresaburgh,New Jersey,59121,55.092407,-74.7519085
Vincent Banks,20,21780 Stephen Islands Suite 780,Kennethfort,Missouri,39787,-111.498550,19.708755
Stephen Bowen,41,52043 Shawn Club,Garymouth,Minnesota,03282,-86.204707,33.373422
Ryan Rose,60,557 Jonathan Land,Grantburgh,Oregon,41137,175.249000,53.8992475
Steven Alexander,71,26732 Elijah Dale,New Joshualand,Missouri,14681,114.948327,59.7616765
Daniel Knight,38,4711 Joshua Island,Stephenfurt,South Dakota,25137,-56.629180,-13.932426
Brian Villegas,46,266 Martinez Street,Stevemouth,Utah,94980,-107.063249,62.5201075
Tiffany Christensen,42,95757 Jacob Summit,Sydneyport,New York,72332,52.455403,16.238936
Heather Moore,28,140 Sanders Mews Suite 763,Brownmouth,Arizona,32099,-1.072560,22.6502415
Patrick Leon,71,16329 Richard Valley,New Amanda,Ohio,43955,77.480580,63.9574695
Tina Rogers,77,80692 Elizabeth Harbors,New Nicole,Minnesota,74712,70.867974,24.398320
Bryan Hunter,40,835 Bradley Square Apt. 909,Roberthaven,Vermont,58383,28.174944,3.705936
Preston Munoz,72,999 Cassandra Burg,East Tyler,New Hampshire,71421,108.531210,15.5439765
John Stone,28,83334 Katelyn Wall,East Dennisbury,Maryland,47407,26.042164,-42.0601035
Alexandria Dawson,58,00352 Amy Plaza Apt. 512,New Mariahland,West Virginia,72961,43.654496,-62.2038955
Erica Small,31,286 Estrada Camp Suite 986,East Melissastad,Rhode Island,48189,-160.967729,-73.464733
Elizabeth Jennings,26,54644 Lisa Track,Barnettbury,Idaho,61639,147.747928,37.674647
Jesus Wiggins,30,5453 Stacy Mews,South Miguel,Oregon,44079,66.063289,5.739478
John Simmons,68,185 Michael Summit,West Jim,Wisconsin,56835,52.213854,-4.393107
Tammy Martin,52,70829 Orozco Neck Suite 323,Lake Jade,Washington,45019,-136.269505,51.683503
Sheila Miller,65,54971 Davis Radial Apt. 841,Russellside,Michigan,37973,-52.606878,1.594729
James Acosta,51,710 Combs Dam Suite 784,Robinmouth,Ohio,95966,-1.545186,18.388103
Pamela Harris,21,70724 Rick Spring,Jamesbury,New Jersey,06339,2.261037,-58.991949
Matthew Day,67,623 Wilson Gardens Apt. 023,Adamsmouth,Tennessee,12667,-140.742455,48.4451375
Justin Garcia,22,6983 Boone Green,New Alison,Utah,96009,-33.632710,-75.495801
Jamie Torres,29,346 Devin Plains Apt. 868,Lake Brittany,New York,37529,-116.637877,39.134484
Bruce Li,36,4104 Nicholas Hill Apt. 335,West Williamton,Virginia,05112,58.885238,15.301018
Michael Marquez,19,1151 Gould Garden Suite 607,Petershire,West Virginia,58316,-51.353823,26.4883575
Maria Williams,56,9143 Shane Neck Suite 077,Rogerside,Virginia,38700,109.970236,-8.735232
Kyle Williams,42,66384 Robin Spurs,Knightmouth,Idaho,44520,158.420170,-80.060730
Holly Brewer,75,796 Ashley Spring Suite 264,Gabrielbury,Oregon,07375,-28.932678,-4.6893835
Ellen Brown,53,4607 Joel Ramp,Nelsonfurt,Massachusetts,55492,31.598968,-85.6410855
Sarah Howell,58,53598 Monica Ford Suite 328,East Kimberg,Virginia,94125,148.675716,-6.608207
Joseph Morgan,63,431 Watkins Tunnel,Port Ericland,Virginia,98168,28.572636,-82.7051695
Timothy Thompson,65,61841 Cook Row,New Matthewside,Delaware,85890,105.373879,-22.7416455
Elaine Gomez,18,246 Ellis Motorway,Lake Lesliehaven,Maine,80847,49.831829,-80.5139855
Jennifer Stafford,25,75629 Kurt Pass Apt. 321,East Nicoleland,West Virginia,90751,15.344083,-31.569540
Christina Wallace,57,50717 Turner Skyway Apt. 243,Escobarborough,Connecticut,98487,32.289140,30.1660945
Jordan Bailey,39,60870 Ricky Street,Jenniferside,Kentucky,47606,142.368021,64.5492735
Roberto Miller,19,7658 Smith Keys,East Andrew,North Carolina,60284,-50.601843,62.3848815
Michelle Mckinney,23,221 Rangel Corner,Port Robertchester,Maine,45401,-153.540405,17.024304
Dawn Dawson,53,39378 Stewart Streets,New Jamie,Indiana,55550,129.923992,2.479083
Peter Orozco,26,5472 Elizabeth Forge Suite 255,East Williamfort,Pennsylvania,06196,126.954647,67.553471
Pamela Barber,29,916 William Square Suite 935,South Zacharyside,Alabama,73873,-115.898080,-80.054724
Colleen Carr,73,7036 Chambers Plain,Lake Michelle,North Carolina,19398,168.100634,40.5472135
Brandon Clark,78,903 Miller Bypass,Jamesview,New Hampshire,46574,-88.946466,-58.2630735
Ronald Durham,35,25122 Erin Village Suite 085,West Jacob,Rhode Island,05997,11.416760,-86.535366
Haley Shelton,68,7706 Dunn Islands,Millerfort,Iowa,59608,76.604105,-80.105183
Latasha Anderson,53,563 Kristen Road,Kimberlyfurt,Michigan,55396,-72.462658,47.1684285
Brittany Carroll,23,135 Cruz Key Apt. 245,West Andrew,New Jersey,47268,4.592366,-27.477665
Michael Gutierrez,24,22465 Aguilar Hill Suite 708,East Ronald,Virginia,25768,169.061047,-57.594397
Lucas Holmes,35,63929 Deborah Road,South Sarah,Delaware,44830,83.540750,-48.359416
Tyler Brock,58,8569 Ellison Stravenue Apt. 662,Tammyland,Tennessee,70532,99.871701,65.709478
Michael Cunningham DDS,23,0671 Wendy Flats Apt. 316,East Theresa,Arizona,01093,-172.447104,-20.386704
Dakota Reilly,55,71801 Crystal Neck,New Jefferyville,New Hampshire,32816,66.660932,62.2856185
Andrew Wood,49,290 Shawn Junction Apt. 024,Destinyton,Kentucky,60600,-71.302140,-45.273490
Corey Williams,30,13022 Vaughn Canyon Suite 608,Leslieside,Georgia,37178,61.881545,-36.754712
Joshua Morris,35,7184 Christine Shoals Apt. 154,Port Lauren,West Virginia,24338,110.682090,-52.9049985
Michael Allen,23,53466 Riley Street,Madisonport,Missouri,34854,-70.406891,-47.735300
Nancy Sosa,50,3416 Carter Crest,South John,Alabama,81470,-157.585479,-11.539788
Sara Thomas,33,931 Cheryl Dam Apt. 563,Watkinsstad,Ohio,92922,113.487703,-81.3265235
Susan Daniel,75,8019 Paula Corner,South Christophermouth,Georgia,64374,-36.258990,67.523835
Tyler Wilson,20,667 Gabrielle Road,Andrewtown,Colorado,88236,8.249106,25.901691
Jacqueline Mcclure,73,03444 Foster Dale Suite 191,Deanton,Montana,13542,123.526007,-0.887648
Alexis Mathis,28,376 Sims Estates,Kellystad,Tennessee,58243,-98.669307,26.1872985
Elizabeth Thomas MD,45,7560 James Forges,Marthaton,Minnesota,21873,-159.859815,33.8179025
Kelly Pollard,47,29554 Jenkins Stream Apt. 416,North Deannamouth,California,93803,171.317538,68.613421
Denise Rogers,79,14972 Valenzuela Pike Apt. 558,Port Albert,Missouri,65658,-62.998397,35.054077
Mrs. Jessica Evans,29,3501 Robert Crescent,Kristiview,Utah,67020,127.795455,66.6791345
Patricia Willis,24,8652 Mullins Glen Apt. 960,Port Taylorport,Delaware,03649,59.434035,-24.5301685
Jeffrey Cobb,68,225 Margaret Centers Apt. 958,Simmonsbury,West Virginia,07896,64.323209,28.1253915
Vanessa Watts,71,133 Kenneth Throughway,Nelsonbury,Delaware,57495,-110.107259,-53.887602
Scott Ortiz,48,00839 Williams Glen,Port Taraland,Alaska,29483,96.105167,88.2664805
Bruce Blair,42,9529 Rowe Fall,Kimberlymouth,Kansas,62005,-157.842126,-77.5080315
Mrs. Joy Nichols,43,7047 Parsons Roads Suite 927,Lake Jacquelineport,Vermont,78300,-73.890356,5.732481
Jose Price,44,68632 Deleon Mountains,Isaacview,Wisconsin,87828,-156.346125,-67.2081835
Anne Brown,58,322 Chavez Station,Port Carlosland,North Dakota,33002,-64.041588,20.4669875
Curtis Smith DDS,22,02287 Thomas Square,South Monicaville,New Hampshire,95288,100.705719,70.991056
Michael Fletcher,22,5475 Oconnor Glen Apt. 544,East Lauren,Pennsylvania,65633,171.801376,-75.6972715
Eric Robinson,48,389 Vanessa Pines,New Dianaland,Maine,14809,-133.599750,-86.375266
Corey Yates,27,730 Thomas Fall Suite 931,East Alexfort,Idaho,80291,108.767014,9.8095835
Richard Singh,50,246 Garrett Junctions Apt. 534,Loweryborough,Nevada,76956,82.646859,-47.5687355
David Jackson,75,3468 Jones Harbor Apt. 382,Chelseabury,Texas,01068,162.363880,39.6920135
Robert Aguilar,55,07400 Stephanie Shoals,Lake Debra,Ohio,54397,169.693858,-32.663825
Billy White,40,24092 Ball Island,South Mark,South Carolina,62620,17.329148,5.5469105
Lori Hill,62,37321 Bailey Knoll Apt. 425,South Michelleville,Minnesota,43109,131.794483,63.776634
Steven Patterson,21,95497 Farmer Club Apt. 108,East Emily,Oregon,77894,137.198136,47.2575665
Yesenia Johnson,48,898 Jeffrey Via,Tammyfurt,Hawaii,12202,117.512036,0.807188
Emily Curtis,71,35339 William Lodge,Port James,Connecticut,78020,-170.588733,-69.3082595
Ronald Moon,55,9370 Shaw Point Suite 076,East Douglasburgh,California,02345,-151.253891,72.7977625
Stanley York,61,08345 April Causeway Apt. 870,North Markmouth,Oregon,46548,84.997575,-83.6313225
Amy Wilson,44,4596 Hernandez Wall Suite 169,Markborough,North Dakota,94660,-15.358178,22.493388
Ryan Bennett,75,006 Tim Plains,South Williammouth,Wyoming,96654,-122.423222,80.4905245
Kelly Taylor DVM,68,035 Benjamin Spring,North James,Utah,48001,5.894005,-53.822704
Laura Pena,69,50836 Elizabeth Village,Lake Alexandriaville,Tennessee,30577,-74.973754,6.601631
Cristina Roy PhD,30,6136 Combs Spring,Deleonton,Louisiana,11133,48.067910,19.5004645
Emily Wilson,22,0643 Bush Park Apt. 720,Michelletown,Florida,82233,-20.250077,67.9711495
Jeremy Callahan,33,189 Duncan Trafficway Suite 011,New Adrianstad,Nevada,32294,-95.268202,12.957863
Seth Harding,44,62580 Melissa Brook Suite 269,South Andrew,California,69862,37.318401,35.0406455
Rebecca Ortiz,47,558 Jones Landing,North Benjaminborough,West Virginia,75848,-73.962019,25.2256915
Malik Golden,22,072 Padilla Lodge,Suttonmouth,Colorado,68420,-50.042185,-56.543172
Andrew Obrien,57,7426 Sylvia Wells,Robertville,South Dakota,48912,-7.698212,86.5269965
Kristina Murphy,30,25241 Smith Hills Apt. 500,North Stacey,Oregon,37498,-120.779868,-13.250693
Judith Hartman,18,772 Cortez Way,Claudiafort,Iowa,61293,170.060337,-6.2616115
Angela Carter,79,5811 Mark Burg,Fordstad,Louisiana,07391,170.266962,68.9242035
Christopher Foster,18,43309 Williams Estate,Mcgeeside,Montana,51925,43.420204,-72.9632675
Dylan Wright,78,919 Vanessa Station,North Lauren,Georgia,28266,-123.559139,40.2996885
Carol Rodriguez,44,001 Tamara Camp Suite 007,Evanston,Virginia,34922,-29.497987,-68.189584
Kelly Brewer,74,1333 Ball Haven,North Tiffanytown,Wyoming,65507,-107.585858,-43.404644
Anna Hess,20,1815 Matthew Views Suite 668,East Mary,Tennessee,25458,-139.943842,0.441342
Alan Thomas,28,4155 Barry Haven,Dylanborough,Minnesota,93996,129.754074,-70.535769
Anthony Johnson,51,25516 Kent Passage,East Steven,Nebraska,10581,-14.861964,57.4291565
Sean Reilly,58,2637 Nancy Roads,Kelleyberg,Iowa,46823,77.727345,-85.341489
David Gomez Jr.,59,7898 Jacob Parkway Suite 695,Herrerahaven,Alabama,40747,88.677669,-60.548497
Angela Ruiz,49,5572 Molina Route,Port Tammy,Kentucky,43165,87.785458,55.173988
Scott Thomas,22,19023 Sandra Ranch Apt. 998,North Johnny,Illinois,32078,-104.071369,31.4474615
Alexander Mckinney,39,819 Dickson Terrace,New Stephaniemouth,Utah,89148,142.422958,-37.4516745
Patricia Vega,33,0570 Kim Plains Apt. 883,New Justinton,Nebraska,30457,-1.321752,29.844672
Edward Whitehead,30,3676 Crawford Divide,Port Kathleenshire,Virginia,85012,88.171287,38.906777
Jamie Vang,77,400 Stacy Prairie Suite 059,Port Angelaberg,Hawaii,25475,-137.320554,20.9992825
Regina Mcbride,45,484 Laura Glens,Pattytown,Connecticut,10301,159.713265,40.368993
Christopher Rich,31,7110 Johnson Isle,Lewiston,Virginia,20261,92.108992,5.9221815
Michael Herrera II,63,1384 Sean Lock Suite 535,Carmenland,South Dakota,09129,-121.747184,48.855138
Brian Martinez,65,5484 Matthew Course,Scottview,Texas,89431,-113.375704,-54.6030065
Timothy Marquez,21,82582 Ricky Plaza Apt. 387,Kristopherland,New Jersey,76661,0.742152,-72.398256
Mitchell Townsend,70,575 Katherine Squares Apt. 568,Aliciachester,Florida,26436,-132.093487,76.790943
Matthew Johnson,62,343 Desiree Lakes,West Nicolemouth,New Mexico,86384,161.899571,14.8975135
Cynthia Harris,26,52157 Kimberly Drives Suite 846,Port Kimberly,Maryland,86910,-49.333633,87.417172
Tyler Hines,73,1970 Kimberly Mall Apt. 873,West Ronald,Arizona,97182,-58.338761,-85.792674
James Le,44,36538 Michael Greens,Johnsonton,Nevada,61374,168.142272,42.1603065
Brett Shaw,39,954 Clayton Prairie Suite 744,South Debbie,Georgia,92655,90.866333,83.777010
James Castillo,21,110 Jennifer Cliffs Suite 531,Davidside,Arizona,22199,153.280454,27.3591915
Brandy Jenkins,51,5776 Terry Vista,Lake Brianborough,North Carolina,77825,-22.429097,-55.243071
Cheryl Fields,37,72783 Bryan Locks Suite 333,Conradmouth,Idaho,51567,-129.098957,45.8736495
Donna Phillips,69,475 Powell Terrace,Carloston,Pennsylvania,50564,45.330514,-5.098175
Maria Montgomery,25,73649 Shane Estates Suite 779,Lake Diane,California,75936,-102.140268,-83.608253
Mr. John Obrien,39,455 Elizabeth Ramp Suite 259,East Michaelstad,South Carolina,91221,83.939631,-75.9689435
Cheryl Rodriguez,67,97206 Roberto Way Apt. 611,Romeroton,Ohio,12365,-44.235711,23.6108055
Brandon Nichols,37,615 Brown Circle Apt. 583,Carlsonport,Delaware,85066,-124.885196,-48.4716385
Tony Berry,53,14485 Black Summit,Lake Todd,Pennsylvania,77977,-22.398587,71.924773
Jeffrey Vance,57,52476 George Lights Suite 378,North Kelseyshire,New Jersey,61583,108.338678,-25.4235835
Catherine Washington,44,991 Zachary Street,Craighaven,Ohio,30957,-56.697326,9.518712
Latoya Rivera,46,18829 Rosales Villages Apt. 001,Stokesland,Kentucky,38911,139.020447,-23.591090
Cynthia Aguirre,59,78148 Brown Stravenue,Lake Emilychester,Kentucky,57812,-135.330848,-12.8393675
Dalton Conley,62,9681 Brittany Keys Suite 137,Rogersbury,Nebraska,53696,-41.264781,-67.789626
Dennis Morton,67,49793 Evan Ville Suite 689,Lake Troy,Massachusetts,88935,-19.073415,-58.488733
Kimberly Thompson,40,5718 Eric Spring,Lake Joshua,Louisiana,93526,12.676856,66.5545745
Mark Cruz,71,658 Jesse Flat,West Nancy,Montana,79877,80.612508,-79.910093
Kathryn Lutz,56,38717 Evan Common,West Samantha,Rhode Island,30277,46.198917,25.085537
Rebecca Macdonald,65,6793 Douglas Villages Apt. 028,South Deanna,Nevada,19548,-83.206774,-28.674597
Matthew Fleming,75,5825 Roberson Glens,Evansfort,Idaho,50462,1.227987,-53.816177
Steve Newton,27,40047 Robles Light,Kyleberg,New York,29076,123.689453,-26.7321835
Russell Sanchez,53,181 Sean Brook Suite 034,West Nicoleborough,Kentucky,86096,10.909717,-78.4600565
Bianca Mccoy,50,89094 Elizabeth Mews Suite 097,Chavezchester,New Hampshire,27775,1.535029,-55.4019235
Michael Schwartz,56,58513 Elizabeth Tunnel Suite 380,South Sharonberg,New Hampshire,34760,-22.294275,33.418040
Elizabeth Delgado,66,735 Jeffery Curve Apt. 554,Port Johnville,West Virginia,12439,-153.399073,-25.611494
Melissa Spencer,54,3283 Melissa Gateway Suite 844,West Cindy,Alabama,49112,-125.022673,-76.2443765
Sharon Franklin,42,8297 Dawn Ferry Suite 680,Benitezberg,Nebraska,56489,156.016741,-48.746191
Julie Ray,20,016 Gentry Pass Suite 647,Madelinehaven,Idaho,62635,-157.488421,-25.6481035
Craig Mayo,60,560 Stephen Prairie,South Mary,Maryland,61347,77.077773,87.2235205
Edward Stout,73,876 Kevin Springs,New Sean,Florida,59851,-102.581926,-48.412584
Martin Collins,64,095 Jones Mission,Bruceland,Michigan,00730,-49.439138,69.0068335
Leslie Jones,46,8144 Coleman Shore Apt. 719,Froststad,Arizona,72591,19.177217,-73.933160
Christian Lane,44,19913 Perez Islands Apt. 272,Anthonyville,Idaho,12438,-136.811648,57.057734
William Strickland,49,541 Julie Ramp,East Lauren,North Carolina,20738,133.054811,-37.850071
William Lozano,50,4695 Michael Parkways Apt. 529,Calebton,West Virginia,08091,-121.361044,63.480879
Jerry Chang,69,03785 Mitchell Wall,North Samantha,New Mexico,76402,90.622244,-77.0097345
Sara Good,32,42176 Young Loaf,Keithside,New Hampshire,41622,84.909113,55.1817445
Jim Price,36,42736 Horton Coves,Schneiderberg,Montana,97195,73.935294,46.4978165
Jack Murray,24,4199 Warren Heights,South Joseph,Montana,17193,-134.181752,-42.9147675
Ms. Kathryn Brown PhD,60,4983 Keith Wells Suite 399,Josephville,Kansas,77432,98.408783,-28.4129455
Russell Thompson,66,921 Jordan Glen Apt. 523,Danielhaven,Maryland,95418,57.436069,-56.2371235
Gail Reed,40,0279 Graham Oval Apt. 742,Charlesmouth,Missouri,91478,26.281842,-15.116938
James Rice,29,408 Jacob Islands,Danielchester,Ohio,93817,55.656032,3.8056995
Michael Wright,19,9420 Jackson Landing,Ryanchester,Minnesota,25969,-93.705197,-4.118527
Michael Berger,39,6393 Amber Stream Suite 727,South Christytown,Utah,07212,-31.436331,40.0574625
John Cruz,44,515 Vang Roads Apt. 875,West Rickyport,Alabama,24101,-46.163404,-2.6423425
Cheryl Stone,60,44648 Griffith Rest,East Kelsey,New Jersey,21586,28.415656,17.9165605
Darin Wilson,41,4045 Shaw Skyway Suite 083,East Benjamin,Connecticut,35818,160.344397,-47.1829665
Robin Hinton,75,2518 Misty Curve Apt. 719,West Pamelachester,Wyoming,51168,35.249401,54.000038
Mr. Bryan Lewis,39,2765 Bradford Hollow,Lake Marieport,New Mexico,95568,-84.276032,21.274412
Jacob Ross,26,39731 Meyer Trafficway,New Dylanfurt,Michigan,89067,-7.099602,-69.992931
Chad Huynh,47,414 Kane Valleys Apt. 063,West Robert,New York,70159,-82.292687,43.9372305
Daniel Snyder,64,1956 Clark Spurs Suite 833,Clarkton,Illinois,27642,93.333851,-14.5998285
Matthew Davis,50,205 Rios Road Apt. 041,New Reginald,Mississippi,08440,-24.722445,39.2347695
Patricia Good,62,0954 Holmes Lodge,Davisstad,Nebraska,76219,-103.687426,-86.5035125
Phillip Wilson,27,62196 Cain Crossroad Suite 042,Bartonstad,Iowa,87647,-83.592095,-63.2675365
Janet Perry,51,6641 Reginald Turnpike,Thomasburgh,South Dakota,65256,-123.729937,-13.500183
Timothy Chambers,72,233 Patricia Squares,Wilsonburgh,North Dakota,76142,-98.068270,-34.466658
Jennifer Graves,37,67329 Harris Heights Suite 439,Port Grace,Indiana,90097,168.540675,66.0417545
Jonathan Gallegos,42,2584 Mark Passage Suite 812,Lake Renee,Idaho,77146,27.075967,-6.6098835
Joanna White,34,6407 Juan Mall,Kristastad,Alaska,62240,112.833192,0.759196
Zachary Ortiz,31,926 Herring Keys,New Ericburgh,Montana,71348,-69.035167,85.0929695
Brandon Ramirez,43,451 Brianna Dale,South Anthony,Delaware,30164,-70.046297,59.283306
Thomas Bryant,67,03248 Christian Springs Suite 426,Lopeztown,Mississippi,01832,-22.288433,77.224633
Holly Williams,29,73283 Turner Mountains,Patrickport,Maine,01669,142.423744,-49.7371485
Lynn Kim,45,19272 Debra Gateway,Port Jonathon,Alabama,98993,85.935205,81.306885
Paul Fisher,39,4473 Kathryn Island,North Jasonland,Mississippi,18177,-76.067384,64.9544975
Thomas Roman,54,5328 Walsh Mountains,East Sheriville,South Dakota,22353,70.182987,-70.0295335
Desiree Keith,55,01549 Oliver Canyon,West Jose,New Jersey,91537,-36.532492,-30.569824
Jill Jackson,45,87675 Chelsea Common Suite 165,Port Victor,West Virginia,27740,-73.882531,2.6028205
John Fleming,43,19745 Zimmerman Walk Apt. 178,Port Vanessa,Hawaii,60465,169.391754,82.6213625
Christopher Davis,33,12289 David Green,Lake Randall,West Virginia,32736,-121.904822,-88.0679485
Frank Gonzalez,56,96525 Faulkner Mission,New Austin,Michigan,29384,46.444282,-48.1518495
Jessica Ayala,61,10424 Chandler Underpass Suite 665,New Stephanieburgh,Montana,16203,32.470751,32.8064885
Chelsea Santiago,46,91508 Justin Gateway,Buckport,Arkansas,19424,132.453505,-10.122635
Alexandra Bradley,29,019 Francis Drives Apt. 821,North Allenville,North Carolina,32742,-60.459515,-9.823846
Logan Miller,27,570 Debra Rest Suite 995,Port Susanfurt,Iowa,55074,-142.369954,-26.183545
Paige Mercado,58,232 Michael Rapid,Jonathanburgh,Wisconsin,48838,14.896550,76.771747
Mrs. Katherine Owens,70,4396 Samantha Prairie Suite 509,North Richardchester,Pennsylvania,87875,-156.350546,-77.7087625
Karla Hopkins,19,6849 Natasha Crossing Apt. 650,Kennethshire,Arkansas,78436,29.804687,78.707696
Shannon Walker,57,30245 Michael Forks Apt. 101,South Christopherport,Hawaii,24780,134.023311,34.544586
Michelle Silva,36,0198 Hernandez Islands Suite 340,Jeffreyburgh,Pennsylvania,16932,-134.302562,52.1589695
Matthew Torres,65,481 Joshua Islands Suite 967,Thompsonfurt,Kansas,14106,-106.145799,34.619611
Alisha Moore,78,8682 Julie Club Apt. 726,Michaelstad,Washington,61331,33.580733,59.307636
Gregory Brown,76,470 Ryan Estate Apt. 162,Stephenmouth,Missouri,46770,-82.690768,-78.0872025
Robert Jones,31,9969 Thompson Harbors Apt. 517,Lake Karen,Texas,60023,58.961022,86.9926775
Gary Leonard,69,638 Alison Lock,Fletcherberg,Utah,53750,-38.096874,-74.305731
Zachary Mcmillan,54,2837 White Mountain Apt. 009,Port Kristina,Arkansas,32574,72.491488,-33.1864245
Sarah Johnson,58,6399 Miller Shores Suite 983,Amandaside,Connecticut,05006,147.826396,50.7404405
Madison Wilkinson,63,996 Daniel Stravenue Suite 599,East Johnny,Pennsylvania,17235,-104.175569,39.3150305
Alexander Lyons,69,5717 Carroll Grove Suite 852,West Wanda,Montana,09642,-5.303339,20.8948335
David Thomas,55,00104 Woodard Mission,Richardchester,Mississippi,86338,30.098783,13.3247645
Jennifer Santana,58,7615 Sheila Motorway,Robertsview,Oklahoma,95879,-127.073034,-78.529302
Steven Hampton,69,914 Kevin Trail,Michaeltown,Idaho,09648,141.675212,-57.3479055
Theresa Green,19,3289 Paul Island,Carrhaven,Florida,65299,127.898638,-74.4288875
William Chen,53,220 Jessica Trafficway Suite 722,Campbellton,New York,34848,28.428813,-21.975867
Paula Greer,33,349 Garcia Garden Apt. 659,West Robert,Illinois,12059,-21.780349,89.3826675
Elizabeth Lucas,67,9016 Rojas Corners Apt. 268,Deannaburgh,Pennsylvania,06690,-59.561299,2.224574
Richard Smith,48,844 Valentine Tunnel,Fritzberg,Virginia,29655,75.367391,-20.7288275
Kevin Kerr Jr.,40,0972 Oneill Trail,Lake Sarahview,Illinois,42027,128.444082,71.1871525
Anthony Garcia,43,558 Julie Island,Garzachester,Virginia,18495,54.080406,-87.899969
Anna Davidson,20,038 Samantha Mountain Apt. 270,East Melissaland,New York,09680,133.934854,16.5700035
Dr. Donna White DDS,27,460 Hood Key,West Patricia,Idaho,59251,-126.202898,-70.7071085
Karen Lyons,68,273 Beck Mill Apt. 577,East Michelleburgh,Iowa,09776,27.662961,-31.328337
Lori Cummings,34,4105 Jennifer Isle Suite 761,Johnsmouth,Kansas,24143,22.272156,86.8742255
Bridget Lambert,36,3105 Cindy Union,New Stephaniehaven,Ohio,64025,-126.279882,-77.035191
Christina Lopez,51,63358 Horn Radial Apt. 880,Jamesshire,Massachusetts,85033,-4.959721,-47.8018325
George Sanders,61,08671 Hernandez Circle Suite 383,East Johnview,New York,29773,-100.588559,23.663587
Amanda Schmidt,24,838 Claudia Manors,Brandiview,Kentucky,29916,-16.740823,-82.1402425
Charles Brown,47,9550 Le Point Suite 673,Moniquehaven,Massachusetts,41712,-92.207976,-80.2525265
Wanda Carlson,27,38285 Faulkner Shores Apt. 654,North Christophertown,South Dakota,47224,82.298782,-29.987897
Regina Giles,24,3652 Sara Rapids,Armstrongport,Oklahoma,50465,-42.076065,-41.846214
Vanessa Moss,31,5610 Bradley Union,West Benjamin,Virginia,00772,-138.234209,-55.9289585
Lauren Lawson,63,57054 Romero Squares,North Alex,Illinois,62188,-1.173994,-50.3363255
Tracy Mitchell,65,9178 James Loop Suite 123,East Stephanie,Louisiana,62201,148.533261,4.507804
Joseph Clarke,65,63391 Johnson Valleys,Cainport,Florida,09849,-99.940758,-7.9265475
Lynn Nichols,58,613 Thompson Bypass Suite 670,Ortizbury,Montana,55528,108.813272,-45.2467425
Abigail Keller,45,10852 Eric Islands Apt. 934,Port Vanessa,South Carolina,78840,-13.556099,51.4833015
Steven Watson,65,7163 Nicole Causeway,New Josephfurt,Hawaii,95717,-126.435122,83.8899135
Darrell Johnson,24,7618 Mckinney Harbor Apt. 819,Port Thomas,Arkansas,37347,-151.786471,-79.8645145
Brian Mills,75,2834 Blair Fords,New Joshua,Maryland,92653,-87.784939,-86.444906
Kathryn Newton,74,971 Davis Pines,Woodtown,Mississippi,46622,-38.014266,-11.2664765
Haley Curry,32,84235 Andrew Junctions,Timothyview,Illinois,12029,0.624384,-52.025177
Caleb Wallace,68,092 Jackson Crescent Suite 207,Jennifermouth,Oregon,51191,100.350362,30.3384895
Nathan Warner,42,19956 Reyes Harbors Suite 629,Karinaland,Minnesota,57739,87.095894,-45.7240565
Tiffany Lewis,62,566 Colleen Creek,Freemanfort,Oklahoma,09357,-58.648980,44.5626075
Jennifer Ward,52,4736 Nichols Groves,Cohenville,North Carolina,97008,-84.617066,-22.426774
Crystal Armstrong,42,7758 Julia Plain Suite 201,Lynnmouth,South Carolina,38039,23.058260,16.0431525
Anthony Wilson,33,766 Green Pine,Archerport,Nevada,63534,113.075643,24.856697
Jennifer Olsen,47,93725 Nicole Course,Tinahaven,Colorado,06116,-18.281213,-84.5110085
Jennifer Moore,26,558 Douglas Via,Michellefort,New Jersey,39517,157.200106,-70.5972255
Autumn Newman,51,04805 Johnson Rapid Suite 411,North Geoffrey,Arizona,84327,93.858895,-63.973420
Katie Allen,41,801 Danielle Plains Apt. 416,New Laura,Michigan,57525,-15.349023,-63.9592885
Shannon Copeland,75,2058 Kristopher Lake,South Brianaborough,Alabama,63747,-95.042064,-13.9824275
Heather Serrano,26,58492 Kayla Overpass,Lake Albert,Wisconsin,42797,33.361965,39.961108
Kimberly Murphy DDS,74,8160 Figueroa Summit,Karaland,Alabama,02358,-16.956339,29.684283
Clayton Green,57,341 Adams Curve Apt. 456,Collierville,Iowa,61892,-53.741008,56.178185
Joshua Mcmahon,61,4594 Maria Brooks Apt. 228,Lake Brittanyfort,Colorado,31732,-163.352283,-2.5252295
Lisa Hampton,34,343 Anna Place,Andrewhaven,North Dakota,99309,-81.990893,-13.368297
Jeffrey Reed,21,3151 Jefferson Mission,South William,Montana,42825,-25.753937,-75.335495
Mary Bennett,30,4620 Ryan Keys Apt. 461,Hunterburgh,Indiana,42323,-108.863018,13.619119
Valerie Guerrero,75,827 Mark Plains Suite 203,Brianton,West Virginia,46455,76.835020,79.7909515
Lisa Vaughan,77,12831 Stephen Ferry Apt. 442,Port Elizabeth,Pennsylvania,62816,107.804992,-78.5322015
Denise Roberts,21,88427 Kimberly Brook Suite 155,Crosbyburgh,Rhode Island,28289,-101.580603,77.220589
Justin Malone,23,0117 Jeremy Union,South Jeffreyfort,Wisconsin,93447,129.748309,-28.942929
Jennifer Perez,44,242 Williams Falls Apt. 760,North Ronaldberg,Idaho,89515,-71.929710,-33.597082
Anna Smith,26,37673 Tran Mountains Apt. 085,North Sandraberg,Illinois,86462,-169.343931,-6.9930425
Thomas Ellis,36,28820 Price Greens,Clinefurt,Idaho,38400,-45.531031,-51.5492205
Kelly Carr,20,054 Tapia Loop Apt. 913,New Allisonchester,New Jersey,27939,102.187994,26.094497
Anthony Cantu,45,581 Reese Square,North Melissashire,Alaska,53270,-86.390956,37.946688
Felicia Wilson,65,407 Fox Parkway Apt. 137,Sandramouth,Washington,41944,-108.365526,-38.3734365
Jennifer Carter,39,62340 Tyler Inlet,West Ashleyberg,Missouri,20522,64.741070,-23.019007
Kristin Navarro,73,3524 Brown Center Suite 261,Sarahhaven,New Mexico,71045,-135.189844,6.9291095
Allen Davis,23,80139 Thomas Ford,Kevinstad,Utah,83320,174.270100,89.2929325
Stephen Roberts,65,31802 Gonzales Shores,Port Allisonstad,Pennsylvania,51663,-125.985738,-69.008900
Joseph Palmer,21,0728 Lee Points,Santosfort,Mississippi,73755,175.425008,25.5106695
Logan Johnson,49,6299 Leslie Manors,Port Carolineburgh,Washington,07382,-137.114530,63.328700
Brandon Mosley,74,655 Maria Camp Apt. 136,Frankberg,Georgia,51423,-35.999345,26.774730
Patricia Murray,40,576 Michael Viaduct Apt. 569,Brandiville,Utah,99510,-92.831023,36.043545
Richard Brown,72,91728 King Lock,North Benjamin,New Hampshire,30055,69.021182,23.308790
Matthew Jackson,28,543 Carpenter Shores Apt. 011,Nicholasport,Indiana,06395,111.523051,20.2524485
Troy Hamilton,70,7609 Cheryl Inlet Suite 847,East Samuel,Maryland,18393,171.981865,-87.701708
Evelyn Patel,61,99123 Christopher Stravenue,Lake Deannafort,Iowa,18440,33.176114,-39.0778485
Linda Reyes,34,343 Patterson Burg,Joeburgh,Connecticut,09016,19.486920,-20.520070
Michelle Abbott,44,911 Jared Dam,South Donaldborough,South Carolina,97554,-132.142882,65.4365145
Nathan Parker,73,40519 Ross Well Suite 337,Changmouth,Texas,87538,-109.991748,50.021960
Mark Roberts,32,2446 Sanford Ports,South Dennisfurt,Texas,48340,132.418444,57.8301875
Kevin Doyle,40,51654 Melissa Camp,Kevinland,Colorado,28741,-174.477004,52.6007835
Michael Estrada,41,1391 Alan Field Suite 536,Anthonyside,South Dakota,02652,94.296189,-53.018323
Sherry Taylor,40,031 Jennifer Lodge Apt. 641,East Tyler,Nevada,40283,-147.266384,53.6390225
Terry Jennings,25,2076 Mathews Corner Apt. 081,Williamshaven,Missouri,56914,5.179472,6.4792045
Brittany Gonzalez,42,88900 Julia Burg Suite 711,South Meganmouth,West Virginia,14638,105.606447,14.617318
Maxwell Gaines,20,6636 Valerie Light,Lake Raymond,Louisiana,88721,137.040962,-50.429084
Joseph Quinn,26,2946 Debra Meadows Apt. 934,East Madisonburgh,Kentucky,55882,45.753148,-30.200911
Danielle Roberts,37,5212 Miller Courts,New Erin,North Carolina,61404,-144.534677,38.279974
Samantha Johnson,57,1480 Tran Trail,West Tiffanyhaven,Iowa,83759,28.619459,85.5992355
Katherine Johnson,53,011 Jones Road,Carrfort,Nevada,61770,-171.543114,-25.984960
Malik Williams,53,860 Kristin Summit,Brandonhaven,Utah,07800,-92.801551,11.9771735
Courtney Harrell,61,768 Krista Plain,South Crystal,Colorado,10059,-88.821191,-87.098566
Kyle Garcia,21,6533 Daniel Cape Apt. 606,Hernandezville,Georgia,20587,-142.879138,-21.7770115
Ann Torres,19,81161 Ann Manor,Hillfort,Arizona,07036,-98.639455,-24.6221695
Dennis Guerrero,21,0956 Amanda Corner,Shannonchester,Maryland,47779,71.536248,-83.1864955
Martha Hanson,70,538 Wayne Rest Suite 993,Rossbury,Vermont,18777,-81.211108,-8.3595785
John Pruitt,39,4497 Santos Village,Rodriguezmouth,Virginia,46492,13.192303,17.2704155
Randy Jackson,75,066 Rodriguez Valley,Murphyville,Montana,62297,-96.522185,-51.328080
Cheryl Harding,72,65672 John Ports Suite 236,Curtisborough,Indiana,19642,-68.538843,-48.246136
Kristy Thompson,26,89568 Stephanie Place Apt. 767,North Wayne,Maryland,91861,130.581542,-35.699547
Morgan Smith,34,432 Long Tunnel Suite 312,Jessicafurt,Nebraska,64112,-137.715067,-57.7915085
Michael Cruz IV,55,6219 Debra Stravenue,Ebonyport,South Dakota,79937,-121.978122,-31.9061055
Jennifer Martinez,38,647 Julia Drive Apt. 098,New Johnny,Mississippi,32094,-115.272692,62.529612
Alexis Gibson,64,617 Amy Circle Apt. 091,East Lesliehaven,Pennsylvania,97251,-14.387268,-42.417473
Brittany Moody,71,23704 Quinn Forest,Melissamouth,Virginia,37589,-82.459346,-23.0628135
Elizabeth Ramirez,54,322 Chavez Ramp,Deannaside,Oklahoma,53339,87.710117,15.9259355
Tonya Spencer,63,536 Clark Throughway Apt. 857,North Ian,Oklahoma,06853,-41.272343,58.655293
Philip Hines,70,525 Leonard Court Apt. 259,Shanestad,South Dakota,22807,112.689211,-36.4536325
James Franco,56,0931 Thomas Keys,South Samanthaport,West Virginia,69363,112.510264,47.474395
David Jones,58,2958 Forbes Squares Suite 440,West Nicole,Montana,36825,-89.539063,0.643078
Bryan Jackson,31,188 Vance Bypass,New Robertaton,Louisiana,38345,122.145355,-9.455811
Nicholas Payne,62,294 Timothy Views,East Josephfort,Maine,92125,-11.200337,41.1000325
Lisa Perry,73,0958 Barrett Curve Apt. 833,Port Anthony,Illinois,02505,161.089618,-63.4900915
Mark Flores,23,0200 April Circles,Elliotttown,West Virginia,28461,-53.323106,66.672947
Michael Flowers,60,936 Brian Shoals,West Charlesside,Arizona,78382,-150.401883,49.049142
Emily Crane,74,5523 Amanda Lights,Lake Allison,Maine,13298,152.627363,13.6375375
Joshua Burns,61,2861 Cooper Roads,Jonesmouth,New Hampshire,61945,31.310820,32.2845315
Cory Adams,64,749 Greene Light,North Sandraberg,Maine,87324,-8.576281,-52.0477845
Phillip Nolan,45,48844 Joseph Radial Suite 883,New Amandatown,Arizona,39289,-103.612760,27.079081
Juan Villa,34,477 Hartman Gardens Suite 971,Graveston,Massachusetts,52386,106.708217,-12.2120015
Heather Torres,44,58071 Maynard Shore,Port Matthew,New Jersey,55094,18.513682,28.771969
Tyler Fuller,57,157 Jeffrey Common,Amandatown,New Hampshire,28435,149.903814,13.4331855
Breanna Beck,72,32394 Harrison Forest,South Chelseaton,Colorado,84657,-172.542733,77.3603715
Natasha Rodgers,39,415 Chad Rapids Apt. 889,New Ricardoland,Michigan,37194,-44.518000,18.6746305
Sherry Baker,53,6039 Jessica Unions Apt. 712,Fischerside,Missouri,48776,-108.480084,48.3911515
Brenda Fuentes,76,99758 Cassandra Street,Johnsonview,Missouri,88893,148.630879,25.1501505
Kevin Webster,57,5553 Cooper Corner,Garyhaven,Georgia,09069,12.786985,84.976052
Sean Weber,76,48647 Jason Roads,West James,Arizona,02947,115.149796,-35.5544255
Gerald Baldwin,74,0911 Nicholas Station Suite 095,East Davidberg,New Mexico,02505,99.755579,-59.287286
Angela Goodman,42,13277 Rowland Road Apt. 809,Blevinsstad,New York,77629,-42.644042,21.659503
Charles Smith,26,8247 Good Throughway Suite 704,East Reneetown,Nevada,20987,168.419947,-53.0185785
John Reed,45,324 Bartlett Harbors Apt. 098,East James,North Carolina,55800,141.686026,51.034671
Angel Miller PhD,24,3271 Amy Villages Apt. 404,North Kristentown,New Hampshire,61764,-142.975741,-31.655444
Jeffrey Mcdowell,57,87348 Petty Trail Apt. 649,New Sarahborough,Connecticut,41674,31.883338,57.2668205
Phillip Freeman,47,33181 Ashley Locks Suite 639,North Timothyhaven,Connecticut,57970,-36.000046,-73.6335285
Kyle Armstrong,41,9110 Matthew Views,North Davidhaven,Arkansas,12427,-8.414328,79.7349155
Mrs. Marisa Owens DDS,32,099 Lewis View,Annburgh,Kentucky,59575,-53.620456,62.0678665
Jacob Hernandez,28,06531 Benjamin Common,South Reneestad,Ohio,06664,30.348692,40.626844
Russell Adams,30,525 Laura Loaf Suite 016,Donnaport,Idaho,98903,-67.038251,-89.808669
John Edwards,40,0589 David Fords,Foxland,Montana,10110,130.811448,32.354111
Angela Fox,49,996 Phillip Throughway Apt. 341,Mistyton,South Carolina,92001,-161.002396,6.6266575
Gary Butler,22,7707 Moreno Place Suite 210,West Crystalborough,Connecticut,89193,141.207536,87.817838
Miss Lindsay Lowe,39,446 Holly Fords Suite 001,Markville,North Carolina,06375,-45.736702,-1.413809
Joy Barton,56,858 Emily Prairie Apt. 602,Derrickhaven,Nebraska,78227,-154.501063,38.5890065
Rita Brooks,80,889 Joseph Glens,West Benjamin,Florida,11929,-131.723220,83.5131725
Robert Barnes,20,54840 Rebecca Parkway,Port Tiffanyland,Hawaii,34011,177.061358,62.840845
Jesus Jordan,44,9025 Moss Walks,Rodriguezborough,Virginia,85006,35.350311,-34.348706
Lori Wells,52,52732 Armstrong Orchard Suite 567,Perezville,New York,82216,179.797652,-71.3951805
Linda Morrison,70,2260 Christina Mission,New Katelyn,Michigan,40375,-108.715245,16.0151885
Madison Hess,73,779 Hancock Fall Apt. 152,Lake Chad,Illinois,66234,77.390380,-56.3614435
April Clark,46,17426 Jackson Streets Apt. 674,Christopherchester,Connecticut,34882,123.818972,11.9789975
Anthony Haney,65,824 James Fords,South Scottbury,Massachusetts,60147,172.344615,44.306241
Monica Long,78,3487 Jeff Mews,Perezview,Delaware,67540,70.319726,-22.781695
Miranda Blevins,63,3090 Kidd Rest,South Danielle,Wisconsin,17897,-108.822631,-31.862819
Tracy Scott,35,5753 Davies Glen Apt. 925,Albertchester,New Jersey,08734,29.794831,79.955659
Francisco Hansen,76,31428 Chad Roads Suite 471,Mooreville,Mississippi,67254,-55.212170,3.7813995
Victor Davila,49,7088 Christopher Valleys Apt. 910,Lake John,West Virginia,72166,-129.238280,-7.3810835
Nicole Wells,34,29722 Ramirez Flat,Markland,Kansas,65126,6.880505,40.7418205
Anthony Nelson,54,084 Brittany Rapids,Thorntonmouth,Louisiana,24252,152.648041,-27.583016
Katie Brown,58,0956 Yvonne Gateway,Youngberg,Colorado,30108,-166.167215,-62.897643
Alicia Simon,41,8256 Cooper Turnpike,Alyssafurt,Ohio,01760,-164.585290,-7.883612
Jake Pittman,62,43019 Shannon Shores,Danielfort,Louisiana,02665,141.484130,-1.0424345
Robert Olson,33,51709 Duran Square,New Charlenemouth,Montana,82699,2.607880,19.0377575
Dustin Alvarez,58,24850 Gutierrez Locks Suite 628,Morenomouth,Alaska,34569,-36.414334,15.698703
Peter Sanchez,24,088 Lambert Mountain Suite 399,Rogersberg,Massachusetts,33923,-34.478821,19.4904825
Crystal Watkins,36,047 Matthew Lodge Apt. 408,New Carol,Arizona,56183,-91.890534,62.5819415
Barry Tucker,58,6580 Robert Rest Apt. 797,Brittanyside,Maine,13978,-165.809103,70.1989935
Kyle Gibson,26,52487 Simon Island Suite 630,North Thomasstad,Maine,65840,129.413052,1.6599875
John Newman,56,2754 Freeman Unions,Amandaport,New Jersey,31253,90.283237,61.461528
William Jensen Jr.,39,2338 Morris Path,South Heatherchester,Virginia,94458,143.161003,-28.4645045
Kelly Weaver,40,9048 Robert Radial,New Scott,Arkansas,14556,-12.121019,-79.429491
Joseph Hernandez,52,42601 Danielle Road Apt. 681,Port Steven,Alaska,38258,12.818964,55.4798985
Victor Daniels,53,971 Sanchez Locks Suite 026,Floresville,Tennessee,97375,99.784212,-67.4648105
Elijah Hart,26,9322 Timothy Isle Suite 919,Laurashire,Mississippi,45486,-78.127365,-33.8583805
Ashley Hall,25,080 Joel Run,South Jessicaborough,New Mexico,60765,-46.927605,38.9837525
Justin Mccormick,75,76695 Michelle Mountains,North Veronica,Arkansas,37426,-161.429207,47.7806985
Brandon Williams,42,29072 Jeremy Route Apt. 557,East Davidland,North Carolina,86855,-4.446309,52.521063
Monica Garrett,33,513 Stuart Cliff Apt. 096,Port Matthew,Georgia,45341,80.133397,-39.791582
Wayne Petersen,52,48420 Patrick Terrace Suite 903,Blakemouth,Florida,74228,129.203731,-28.0052275
Justin Reyes,62,917 Wright Brooks Apt. 859,West Thomasport,Hawaii,37226,121.994529,87.5400795
John Shepherd,32,65415 Sharon Lodge,East Debraland,Idaho,72757,117.231876,31.203096
Robert Brown,46,24862 Terri River,West Patriciaton,New Jersey,55577,-18.078496,1.8937625
Leslie Lopez,42,64444 Campbell Lock,South Christopher,California,12309,-160.486315,11.369229
Nicholas Alexander,33,310 Philip Ford,Donnaland,New Hampshire,98709,-60.819990,84.991504
Teresa White,21,99524 Christopher Forest Apt. 483,Lake William,South Dakota,59776,-119.093087,-55.628968
Ryan Nelson,41,7748 Adam Mountain,Changstad,Mississippi,82718,-94.751309,68.120131
Allison Freeman,70,006 Garcia Plain Suite 167,Lake Christinetown,Massachusetts,85413,50.737589,-85.518096
Miss Kerry Jones,78,097 Tyler Rapids Suite 857,Espinozastad,Utah,66359,118.261808,87.121512
Jennifer Dorsey,37,48284 Robert Wall Apt. 402,Lake Cherylfurt,California,81282,-173.523681,66.290396
Clayton Cox,74,750 Joseph Drive Suite 477,West Monicabury,North Dakota,33784,32.296308,17.9552185
Anthony Campos,80,4868 Calvin Burg Apt. 149,Griffinview,West Virginia,39215,60.866252,-63.5186515
Austin Castro,31,128 Sharon Oval Suite 971,Lake Jason,New York,81885,-1.365146,-16.0890325
Blake Dickson,31,989 Best Greens Apt. 469,Lake Lisamouth,Connecticut,43774,18.852873,64.1333385
Stephanie Lee,53,4216 Leach Dale,Knightside,Iowa,41676,-162.237347,-36.136335
John Green,73,40199 Danny Causeway Apt. 038,Jordanbury,Montana,35313,-14.232853,14.553449
Jodi Johnson,40,370 Mccarthy Pass Apt. 481,New Marissamouth,Rhode Island,32499,88.451608,35.478189
Sheryl Arnold,43,116 Richard Crossing,North Angelica,Pennsylvania,90282,-92.547453,86.8538495
Jacob Young,22,801 Shannon Pine,Silvaside,Washington,51632,68.371748,-79.9973185
Nicholas Collins,70,37445 Elizabeth Skyway,Brooksside,South Carolina,02844,-20.089090,48.236425
Jeff Rice,20,388 Daniel Drives Suite 928,Smithview,Texas,64104,4.773010,31.943207
Jonathan Lawson,73,600 Kaitlyn Prairie,South Dianestad,New Mexico,06210,-141.313189,56.4179545
Margaret Arnold DVM,33,61056 Pitts Harbors,Lesliestad,Rhode Island,54177,-27.659661,-21.562047
John Nelson,52,79266 Tasha Key,Lake Leslie,West Virginia,33568,41.241886,40.7856425
Roberto Pacheco,52,60271 Morgan Ford,South Nicole,Alabama,17146,-96.950577,44.1826255
Dr. Christopher Terry,42,500 Thomas Ferry,West Richardbury,Kansas,61716,16.430441,16.247316
Susan Davis,75,82190 James Extensions,Bassstad,Mississippi,03155,8.983711,54.8354675
Michael Foley,46,66911 Payne Trail Apt. 262,Monicaland,Iowa,26169,-42.038891,-82.2151835
Patricia James MD,55,05316 Bonilla Estates,East Mauriceberg,South Dakota,36567,151.642746,-31.1875655
Michael Thompson,35,54447 Long Knoll,West Kathryn,Delaware,37460,140.942762,48.352246
Miss Joann Gonzalez,37,1787 Compton Bridge Apt. 280,Jamesside,New Hampshire,85587,30.447480,-50.540804
Vanessa Blankenship,33,4554 Nichols Parkway,Port Manuel,Idaho,97567,-154.951071,-49.297221
Robert Hernandez,37,645 Jaime Meadows Apt. 092,New Sharon,Hawaii,10337,3.476624,25.022747
Roger Johnson,63,032 Hardy Point Apt. 845,New Patriciastad,Maryland,72143,146.463641,32.700985
Donna Fields,70,9772 Vaughn Skyway,Maysville,Oklahoma,96781,-69.691070,6.6914495
Richard Franklin,70,210 Hall Passage Apt. 423,Samuelchester,Mississippi,66108,-146.360244,82.1566605
Brittney Obrien,76,617 Jessica Flats,East Timothyland,Alabama,85010,-73.478858,11.825656
Sharon Torres,34,6559 Williamson Canyon,East Jeremy,Pennsylvania,42784,6.633455,73.831178
April Mcmillan,58,7859 Davila Island Apt. 872,Lake Emilyborough,Florida,10366,-91.076835,11.733850
Matthew Rogers,79,73962 Tanya Pass,Port Janetfurt,Utah,63745,-116.757542,51.9655935
Diane Williams,66,733 Burnett Ferry Apt. 190,Angelamouth,Delaware,42215,152.462011,-41.559348
Cynthia Buck,39,987 Richard Route,Vincenthaven,Utah,90851,152.120852,39.142433
William Carr,75,11333 Torres View,North Larrytown,South Carolina,03338,172.972939,68.4712165
Jose Mcdonald,37,42554 Williams Club Apt. 054,Williamsberg,Ohio,07205,-133.616993,-63.4991605
Rhonda Mendoza,44,957 Sean Shore,North Stephen,Louisiana,69914,38.860471,85.230151
Bradley Lara,58,752 Mcgee Causeway,East Elizabethville,Indiana,14229,166.748057,-47.3192755
Katie Floyd,21,4914 Eaton Ports Apt. 863,Tannerside,Oregon,92451,173.621395,84.6127545
Donald Davis,46,22689 Nicholas Lock,West Lori,Arizona,70688,71.653861,86.0543715
John Warren,31,815 Meredith Knolls,Sabrinabury,Indiana,30465,-145.632840,50.8284525
Timothy Cantrell,59,01152 Jeremy Crescent Suite 336,Wheelerstad,Pennsylvania,13635,-134.156204,84.815260
Teresa Jones,70,567 Holly Courts,West Allisonberg,New Hampshire,94073,-162.782189,8.4033485
Rebecca Nichols,44,9290 Rodriguez Ville,Lake Barry,New Jersey,90331,111.595978,-18.082456
Richard Stanley,33,25802 Dunn Trail,Ralphmouth,Iowa,18749,-87.584008,63.5024965
Sarah Wise,71,4740 Franklin Point Apt. 894,South Douglas,Nevada,97619,-62.976657,10.242503
Virginia Johns,22,39504 Jeffrey Port Apt. 652,Millerstad,Louisiana,37930,-64.759178,89.046432
Ryan Santiago,39,28209 Hess Mall Suite 045,Lake Kyle,Delaware,35095,-94.448002,-85.812074
Paula Parker,48,16045 Toni Wall Apt. 609,Ashleyville,Georgia,13932,-164.095879,73.7931515
Erik Marshall,26,4129 Anderson Ridges,East Kristi,Oregon,42776,-105.611814,11.7269275
Calvin Waters,35,996 Robert Junctions Apt. 872,Thomasbury,Nevada,44410,-140.511078,55.893294
Dr. Rebecca Robinson,30,5529 Richardson Drive,Ronaldhaven,Florida,06845,-168.393105,45.3039945
Pamela Jones,42,179 Wendy Trail Apt. 188,North Maryborough,Oklahoma,48511,109.600932,88.742409
Kimberly Armstrong,66,255 Richard Brook Suite 915,East Andrew,Florida,54645,89.972752,-23.328816
Carlos Hernandez,40,9499 Fowler Islands,Berryton,Wyoming,55637,-134.239631,88.8955115
Yvonne Strickland,68,24467 Hicks Forks,Bensonview,California,89213,-68.372761,88.052256
Mrs. Victoria Singleton,66,160 Robin Way Suite 507,Andersonstad,Utah,58886,119.100867,-58.4095575
Megan Garrett,76,51174 Jonathan Pass Suite 642,North Ashleystad,Oklahoma,45449,99.163332,63.6950905
Kayla Newman,34,3574 Collins Meadows Suite 860,Burnsland,Nebraska,65882,21.764970,-38.079546
Walter Hicks,22,7435 Kurt Springs Suite 665,Reedmouth,Alaska,86011,-35.671736,-18.061731
Keith Mccoy,37,531 Jessica Fields Suite 537,Port Sandraberg,West Virginia,90769,-123.319842,76.9491595
Michael Villanueva,64,34679 Brittany Knoll,Jacktown,Vermont,84790,110.790646,5.978247
Mrs. Hannah Brown,79,93936 Nelson Springs Apt. 019,Lake Zachary,Delaware,04494,159.111258,19.5278985
Laura Scott,35,453 Antonio Meadow Suite 967,Kyleshire,Montana,83460,177.215595,-4.4521935
Chelsea Kim,61,247 Johnson Hollow,Hillstad,Mississippi,14703,-134.387469,57.8652135
Brett Murray,29,341 Adam Lock,Lake Megan,Minnesota,79427,-133.814453,17.4465075
Patricia Zimmerman,52,5785 Ernest Plaza,Martinview,South Carolina,07968,18.101542,-64.735779
Jeffrey Dawson,56,1763 Natasha Ways Suite 408,Amberstad,Louisiana,71541,134.045475,-35.680803
Brenda Weaver,50,64642 Stephen Hill,South Catherine,Illinois,87265,-69.286840,36.1227005
Amy Willis,68,9010 Kyle Knolls,Gomezchester,Michigan,65555,126.393407,10.8127335
Steven Shepard,45,4362 Carrie Turnpike,Martinezmouth,Colorado,49036,56.258195,-22.3289015
Scott Bautista,65,53572 Rollins Ranch,South Lori,South Dakota,29288,-0.295310,-80.2388995
Benjamin Compton,44,33817 Mann Motorway,Jeffreyland,Nevada,28513,50.381977,-32.8321025
Debra Morales,75,01530 David Oval,New Andreshire,Rhode Island,67901,-154.697375,-47.525309
Casey Atkins,60,323 Marshall Isle Suite 733,North Markville,Wisconsin,23686,-109.354556,5.401083
Lauren Valdez,34,4061 Tracy Vista,West Troyville,Alaska,77429,-71.913108,0.2928035
Jordan Brown,22,0953 Williams Points Apt. 720,West Garyview,South Dakota,50292,23.267271,-66.761547
Tyrone Li,68,0745 Fletcher Forest Apt. 848,Spenceberg,Virginia,72464,98.608843,-20.698684
Kelly Mack,71,00810 Harrell Crescent Apt. 807,West Valerie,Indiana,03711,62.783281,69.9918525
Scott Smith,22,855 Singleton Way Suite 148,Harperhaven,Nebraska,17768,-88.182866,11.9106095
Deanna Contreras,44,264 John Tunnel Apt. 765,Lake Christinaside,Florida,77473,101.306092,-20.083693
Anna Camacho,19,478 Jason Stravenue Suite 491,Lake Daniel,Oklahoma,18427,-87.805967,39.6429605
Jake Torres,50,9897 Pierce Overpass Suite 729,Curtisland,New Mexico,94244,-50.884598,16.2397775
Brandy Wilson,59,6691 Walker Summit,Kevinmouth,Maine,02643,93.875706,2.9616905
Tracy Figueroa,23,72529 Mullins Camp,Orrton,Colorado,85130,117.121997,-64.1760205
Alyssa Lara,25,97755 Meadows Center,Perkinstown,North Carolina,56698,21.309675,50.670939
Sharon Sanchez,69,69540 Andrew Light,Waltonview,Alaska,77065,-62.351009,62.459363
Deborah Johns,40,63437 Christina Crossroad Apt. 627,East Cherylchester,Connecticut,22992,85.180378,85.374446
Joshua Collins,40,4667 Ryan Rest Suite 441,North Danielleburgh,Oklahoma,95424,-169.081075,44.4637295
Thomas Smith,41,094 Delgado Shoals Apt. 160,Lake Michellemouth,Oregon,15586,-114.235038,11.8947515
Jeffrey Johnson,70,02165 David Estate,Ralphton,North Dakota,85665,7.727169,14.942580
Cameron Jones,22,7229 Joshua Mills Suite 836,Deborahberg,Washington,78677,-116.512904,-89.2776725
Taylor Lyons,69,6392 Hoover Meadows Apt. 223,Bergerside,Nebraska,70614,130.298603,70.2681795
Robert Robinson,70,56744 Claudia Fork,Lake Mary,Wyoming,10924,-31.195303,-35.8004065
Kristin Brewer,77,90557 Anna Parkway Apt. 953,West Wandaville,Texas,31133,59.387178,55.5067505
Steve Randall,68,3958 Brown Vista Apt. 624,Rebeccaside,Maryland,61691,44.731242,-21.752355
Kristen Young,78,66471 Christine Wells,South Edwin,Minnesota,51159,-31.779986,59.727670
Marie Cabrera,66,470 Misty Station,Port Carrieview,Wyoming,54058,-75.143105,86.795412
Michael Payne,33,081 Carlos Tunnel Suite 340,Williamport,New York,83016,-111.205711,-58.6657385
Eric Graham,76,62399 Michael Passage,West Thomas,Louisiana,44149,-90.950254,6.531941
Eric Nichols,59,36893 Mann Causeway Apt. 313,Brandonview,Michigan,55973,10.486708,-70.7815175
Helen Soto,38,9872 Brittany Points Apt. 324,Moniqueton,Connecticut,04248,-45.599412,53.0031055
James Wyatt,23,3359 Fernandez Ports,New Amymouth,Tennessee,77731,91.999994,-47.3642445
Megan Jimenez,53,704 Judy Summit,Meredithberg,Maine,67293,-26.995093,-28.2472085
Miranda Maldonado,33,29191 Taylor Plains Apt. 442,Scotttown,North Dakota,54502,-164.381227,-18.3256635
Cynthia Herrera,38,73107 Charles Vista,North Amyside,Vermont,09863,156.431875,-76.2530165
Sheryl Taylor,36,14747 Amanda Islands Suite 240,Greenside,Texas,22148,-99.485122,39.512502
Joseph Mcintyre,67,7976 Erin Course Apt. 038,Lake Zachary,Hawaii,97085,-119.521797,84.806188
Tiffany Barker,42,977 Donald Field,New Savannahstad,Texas,66936,-142.297508,60.7925245
Toni Alexander,61,296 Jillian Parks Suite 155,Port Yvonne,Montana,16442,72.123948,-11.139845
Kenneth Morales,57,8965 Kelly Junction Apt. 975,North Manuel,Kansas,07202,170.924475,14.059109
William Arroyo,34,923 Bender Path Apt. 207,East Louisfort,Florida,54153,-177.847205,11.5364395
Jack Chang,79,652 Kathy Union Apt. 663,Lake Jacobbury,Connecticut,15371,149.670074,-69.5649025
Monique Mercado,25,41871 Erin Crest Apt. 670,South Johnside,Delaware,58949,140.964941,-38.2068335
Carolyn Chen,31,0021 Mark Burg,East Kristinebury,Oregon,34021,-102.520485,-43.880023
Benjamin Jimenez PhD,58,13694 April Forge Suite 161,East Dana,Oregon,86570,87.626220,-83.6007575
Lee Morales,42,830 Oscar Shoals,North Brian,Rhode Island,48234,-132.409513,78.7446975
Joy Ford,70,353 Harris Curve,Port Kevin,Alaska,24258,-98.830872,3.652807
Dr. Mary Marshall,23,5687 Diaz Stream Suite 278,East Timothyville,Tennessee,34132,-135.406853,-15.651879
Katherine Morris,58,973 Hanna Road,North Regina,North Carolina,80612,9.891824,-43.936081
Amber Gilbert,20,150 Franklin Court Apt. 545,Riverafort,West Virginia,55720,0.279411,46.9529895
Rachel Sandoval,76,7763 Lewis Plains,Markmouth,California,46191,61.892412,-11.033446
Laura Cunningham,48,6245 Rivera Cape Apt. 478,New Harryport,Iowa,82589,-133.697237,-59.041029
Francisco Oconnell,27,562 Alexandra River Apt. 795,Jenniferhaven,North Carolina,92833,-20.121383,-33.696541
Jared King,20,3342 Russell Land,New Catherineshire,Missouri,30287,81.154480,45.6201815
Austin Barnes,30,31692 Joshua Islands Apt. 319,Smithstad,Maine,18148,44.167830,54.2654595
Jessica Anderson,58,1723 Emily Radial,South Michael,Massachusetts,25061,-142.823436,-88.5097175
Jonathan Bonilla,34,055 Shelby Plaza,East Christopherfurt,Indiana,38155,32.713213,18.141680
Susan Gutierrez,18,7334 Baker Ford,Holmesshire,Kentucky,50928,151.471746,-46.6994745
Herbert Bautista,20,7142 Aaron Course Apt. 466,East Margaretside,Kentucky,90909,-74.811569,-27.239510
Mariah Young,20,623 Tran Pine,West Catherine,Oregon,63910,-160.214607,50.2022795
Kendra Anderson,65,654 Bradford Rest,East Patricia,Massachusetts,80023,-169.633767,84.195940
Valerie Trujillo,39,0329 Michelle Spurs Apt. 242,Jonathanberg,Tennessee,41706,24.882547,66.848416
Jesse Craig,54,0764 Elizabeth Fields Suite 613,West Ashley,New York,07305,8.101234,45.6401895
Mark Friedman,44,580 William Street,Lake Michaelmouth,New York,75026,162.272673,29.6914835
Julian Ruiz,18,2367 Joshua Avenue,Traceyberg,Indiana,99104,-134.616763,23.541513
Christopher Dickerson,40,2442 Reed Rue,Lake Angelaborough,Oregon,84086,-33.444936,-58.404075
Laura Wilson,75,6246 Patterson Forest,Lake Christy,Indiana,41404,49.483750,13.526665
Jody Hamilton,44,07564 Heather Avenue,North Madeline,Alabama,15626,-120.408090,34.295009
Troy Smith,70,94097 Jamie Center,Port Karenmouth,Montana,20684,72.454097,33.4833845
Dana Lee,39,0399 Ramirez Mission Suite 171,Lake Joefort,Washington,87673,141.120084,-20.799570
Megan Black,30,2414 Dustin Points,West Kevin,Illinois,60332,-41.475930,9.296027
Jenna Rodriguez,56,17333 Susan Way Apt. 278,Kelleytown,Texas,39678,-12.793390,3.7518065
Duane Bennett,42,20247 Lane Greens Suite 035,East Steven,Colorado,34147,-66.287502,-49.7350915
Scott Payne,40,51700 Emily Highway,South Robert,North Dakota,87586,161.473096,-82.4653285
John Brown,72,25302 Rice Road,East Bruce,South Dakota,07161,-14.674748,-24.3692995
Nathaniel Bradford,55,901 Stephanie Square Suite 316,East Steven,Delaware,08032,58.593565,1.3783305
Edward Cunningham,44,2971 Lee Plains,Andreaview,New York,39586,-136.636372,9.4877165
Megan Stanton,73,33227 Nicole Vista Suite 309,Taylorfurt,New York,85163,-99.286408,-18.946437
Taylor Murray,80,9382 Rebecca Spring Apt. 104,North Paulamouth,Florida,31296,-108.727196,-48.9933195
Michael Mendoza,73,98884 Connie Estates,East Andrea,Massachusetts,09076,158.339634,81.9797165
Gloria Rose,21,71059 Thompson Plains Apt. 714,New Robert,Massachusetts,18425,-169.089568,-78.799272
Crystal Chen,67,0434 Richard Passage Suite 485,Port Christopherville,Oregon,00656,-111.485362,-15.5762755
Andrew Smith,42,37552 Warner Knoll,East Lisa,New Hampshire,11341,-18.749360,-47.567217
Roger Hamilton,60,334 Meyer Circles,Port Joe,Oregon,99176,35.816862,-39.4778925
Kevin Lee,79,3313 Justin Green,North Autumn,California,33785,-163.669816,57.4798035
Ronald Miles,27,31634 Tammy Garden,Timothyfurt,New Jersey,83232,139.799288,-62.529658
Robert Vang,63,592 Marvin Camp,North Nancy,New Hampshire,10046,-12.023996,39.7529375
Jacob Smith,46,587 Watts Summit Apt. 649,West James,Texas,06069,-105.770142,3.3831165
Travis Casey,31,6359 Richardson Viaduct,Elliottmouth,Connecticut,01215,-18.302889,-39.3244085
Karen Black,61,5208 Ana Stream Apt. 933,Scottmouth,Texas,37784,-39.520577,54.0001845
Oscar Kirby,35,257 Richard Centers Suite 206,Lake Erika,Iowa,62666,105.844865,-30.720635
Kevin Fuller,24,683 Everett Ways Suite 198,Katelynburgh,Michigan,92624,51.222611,7.323744
Jay Horn,61,31222 Andrew Fields Apt. 372,Tapiaborough,Idaho,39815,25.792138,-37.4733625
Courtney Bright,36,209 Jennifer Roads Suite 570,East Emilyview,Illinois,49721,-26.122634,-80.488915
Laura Stokes,28,245 Baird Drives,Port Danielleland,Oklahoma,20510,11.338573,51.4937725
Alexander White,36,0700 Baker Causeway Suite 412,West Dawnmouth,Nebraska,97298,132.084698,-71.113409
Calvin Benton,25,585 Garza Common Apt. 125,Jeremybury,Georgia,07726,73.178979,-82.583287
Lisa Phillips,68,00721 Porter Field,Frederickview,Kentucky,16267,-60.706913,-2.7590335
Elaine Mcguire,47,947 Graham Orchard,South Tammy,Washington,05726,76.968120,48.8138705
Michelle Monroe,28,1196 Conrad Bridge,South Roberttown,Pennsylvania,20525,-108.751061,-84.277257
Joshua White,70,09946 Nicholas Run Suite 240,Jeremiahton,Mississippi,65889,173.947977,-21.6790825
Jennifer Fitzgerald,35,430 Harris Streets Suite 361,Hinesfort,Ohio,63182,130.618950,53.0218365
Michael Nash,42,7224 Sharon Pass,Christinebury,Tennessee,81378,132.528741,75.1186855
Richard Riley,24,35728 Douglas Isle,New Ethanmouth,Rhode Island,44093,18.078423,-75.9598005
Amanda Velasquez,61,06534 Gina Island Suite 126,South Michael,Alabama,19547,88.743570,0.421313
Megan Kerr,30,3262 Brian Streets Apt. 132,Lake Williammouth,Hawaii,59616,-9.105018,-85.3146815
James Jackson,63,519 Taylor Park,Foxchester,Illinois,48509,7.138867,-4.2729105
Victor Mendez,71,85237 Janet Islands Suite 693,South Carolyntown,Alaska,48117,-137.126130,33.849131
Justin Robles,29,64379 Cummings Mountains Apt. 319,Lake Anna,Oregon,64199,46.826519,-54.571266
Cassandra Boyd,35,26968 Miller Ways Suite 841,Nealmouth,Tennessee,16726,-54.620905,62.7557615
Andrew Gonzalez,32,856 Lauren Mountain,Port Kelsey,New Hampshire,46907,-88.929784,-6.4526045
Carolyn Holmes,37,30378 Evans Key,East Leslie,Idaho,12216,129.938568,-18.103253
James Castro,40,0594 Roman Viaduct,Port Coreystad,Ohio,77050,64.100700,85.144636
Ricardo Duncan,75,265 Stephen Common,North Timothy,New Mexico,41114,-158.325499,-88.145865
Ethan Odonnell,21,6079 Copeland Grove Apt. 944,Brittanyfort,Montana,79221,29.073500,33.7730995
George Yu MD,22,9230 Johnson Wall Apt. 997,Andersonburgh,Mississippi,79224,-10.262599,87.4759045
Keith Koch,49,5240 Tran Dam,Duffyborough,New Mexico,80332,-89.465155,18.665724
Jennifer Fowler,44,73189 Campos Gardens Suite 925,South Christianberg,New Hampshire,96103,-131.494017,24.020565
Lauren Wallace,39,736 Walker Curve Apt. 498,West Misty,Virginia,47898,-20.007620,-58.895829
Christina Williams,65,064 Kelly Trafficway Suite 529,South John,Nebraska,68799,-108.224817,-7.8152095
Daniel Dennis,73,432 Diana Viaduct Apt. 505,Pamelatown,West Virginia,92157,120.931319,0.3785955
Annette Zavala,53,623 Smith Lights Suite 708,North Andrew,Florida,58887,132.441593,31.9470375
Jeffery Carlson,80,79614 Robert Junction,Lake Shawn,Alabama,15250,47.868218,-2.3255275
Scott Johnson,41,0367 Timothy Landing,North Jennifer,Delaware,92632,100.219288,-9.798249
Caitlin Poole,49,67571 Candice Fields Apt. 117,Waltonfort,New Hampshire,39027,29.199097,-13.5647595
Felicia Edwards,58,7412 Robinson Mountain Apt. 086,South Michellechester,New Mexico,96766,34.225285,80.9538035
William Mckenzie,51,061 Katie Fork,Taylormouth,Florida,88475,121.792423,70.029428
Keith Brown,24,752 Rosales Village,Colleenberg,Wisconsin,49762,71.479924,-53.388764
Christina Palmer,73,79492 Jonathon Shoals,West Christopherborough,New Jersey,76026,153.068480,-55.5174935
Earl Guzman,54,7834 Moore Station Suite 815,Cookfort,New York,66343,-26.321874,-23.3661675
Linda Shaffer,20,0350 Villanueva Light Suite 270,Lake Dalefort,Nebraska,48949,164.103206,64.003047
Andrea Peters,54,89535 Roberts Brook,Josechester,Maryland,59505,-175.504187,74.131257
Derrick Burke,76,40353 Sullivan Freeway,Ericksonhaven,Montana,72857,-158.445839,61.866164
Matthew Garner,37,08605 Kelly Circles Suite 575,Lake Rachel,Missouri,44230,48.330592,75.7650055
Shannon Dunn,47,57369 Morrison Harbors,Lake Carolineshire,New Hampshire,48948,-37.779070,54.4728925
Catherine Clayton,57,048 Elliott Way Suite 764,North Gregory,Colorado,51007,11.531506,20.9039005
Sarah Ballard,42,18368 Robert Well Apt. 293,Gordonchester,Michigan,99229,56.001286,60.014588
Amy Wheeler,30,0549 Christopher Forks Suite 360,South Stacey,Tennessee,51609,-94.586836,-49.4730605
Melanie Norton,45,260 Nicholas Vista Suite 905,Parkerburgh,Maryland,30499,-127.449662,-28.100169
Ricky Jones,46,1654 Edwards Haven Apt. 793,Port Markfurt,Montana,38605,-15.423411,-43.2246105
Janice Houston,53,69396 Davis Ridge Suite 743,East Michaelfurt,Nebraska,92778,-175.848709,85.1258365
Shannon Robertson,44,2029 Turner Extension,Port Mitchellfurt,Arkansas,39745,-178.600981,-33.3892855
Gerald Beck DVM,31,00689 Gregory Mission,South Tracyshire,Montana,30431,65.621455,-6.8756675
Donna Carroll,77,36237 Cummings Plain Suite 726,East Davidmouth,Texas,41732,-112.021631,34.439913
April Weaver,31,61423 Young Locks Apt. 303,Henryburgh,South Carolina,56540,130.805645,-73.857760
Caroline Mathews,33,25369 Sara Ports Suite 175,Bakerton,Florida,35150,-16.554429,36.849896
David Yang,63,57920 Christopher Motorway,Sarahborough,Alaska,96549,88.616822,50.922460
Timothy Patel,58,8445 Bolton Station,South Anthony,Alabama,68100,-34.373918,78.918046
Kathryn Thomas,74,50002 Andrews Points,East Jenniferfort,Alabama,46108,61.724851,-14.095073
Steven Patel,42,0888 Harris Manor Suite 510,Lake Stevenland,Mississippi,67162,-2.245478,-76.2863075
Eric Watson,28,8434 Jones Divide Suite 848,Bergerton,Colorado,79573,-116.498068,39.5560265
Kyle Stephens,57,46270 Miguel Skyway,West Michael,Tennessee,13201,118.061153,-19.4901745
Hannah Miller,20,456 Gallegos Stravenue,East Stephanieview,Maryland,86751,-71.828782,87.5677635
Andrea Castillo,58,961 Wendy Center Suite 555,Wilkinsbury,Ohio,15643,73.661827,4.8648165
Jerome Smith,61,84292 Deborah View,Castillotown,New York,88996,165.304167,-71.6493865
Lacey Richardson,31,64161 Sarah Ridges,Kellyfurt,Indiana,27101,169.795204,25.5062595
Brad Brown,63,3826 Reed Light Apt. 302,Perezton,Maryland,22540,0.818680,52.775206
Ryan Moore,74,0927 Heidi Falls Apt. 898,Kristopherfort,Colorado,62814,130.489396,73.691239
Brian Johnson,46,9624 Charlotte Forges,North Katherinefurt,California,16546,-134.040566,10.260462
Brian Hernandez,75,257 Clark Villages,Wayneside,Virginia,57042,-131.724708,17.353488
Ryan Moyer,37,168 Peterson Meadow Suite 669,Payneburgh,Ohio,07663,100.325919,18.904755
Kelli Barnes,77,4227 Paul Roads Apt. 359,North Eric,North Dakota,74893,-25.607145,-68.833525
James Pena,39,961 Aaron Mills Suite 125,Patrickbury,Mississippi,48196,58.385309,31.158084
Dominique Frost,37,35318 Emma Course Apt. 379,Laurenfurt,Alaska,46106,14.445406,9.826682
Tonya Holland,33,410 Jeffrey Village,Lake Jacob,Delaware,56483,-118.520929,-38.928075
Nicholas Adams,66,32085 Jacob Mills Suite 562,New Tammyhaven,Oklahoma,04943,106.670427,24.1829645
Dawn Smith,80,71701 Morris Port Apt. 661,Bruceberg,Indiana,54276,-110.755778,53.772163
John Rodriguez,55,40624 Clements Mountain Suite 414,Lake Kevin,Oregon,66563,53.792612,-69.202267
Danielle Smith,64,98211 Andrew Lane,East Michael,Texas,17837,-58.706972,-62.392714
Rachel Jordan,45,064 Gregory Gardens Apt. 643,Williamshire,South Carolina,41157,-55.923045,-63.2530295
David Murphy,58,832 Dawn Rapids,Jennifertown,Vermont,44960,-21.050545,25.317444
Susan Harris,18,829 Diaz Valleys,Nathanport,Maryland,12009,136.062113,21.427024
Amber Perez,40,355 Brian Tunnel Apt. 322,South Jessicaland,Missouri,39036,178.059084,-77.8281955
Jesus Reynolds,48,20522 Bradshaw Field Suite 876,Nguyenview,Pennsylvania,79101,-7.942522,36.5239435
Amber Conrad,46,266 Baird Station,Lake Mark,Kansas,68430,12.015210,83.086625
Bethany Cruz,31,11395 Deborah Spurs,Robertsonmouth,Ohio,52087,159.667222,20.570657
Jonathan Walters,51,24588 Parker Extension Suite 471,Reedbury,Rhode Island,19339,43.929328,-86.9239175
David Davis,31,6973 Gregory Brook,South Scott,Arizona,46276,-147.229918,-4.731037
Edward Allen,80,9916 Michelle Neck,Sabrinamouth,Maryland,31215,-101.345745,21.594635
Kayla Randall,24,27430 Dana Hill Suite 077,Nelsonville,Alaska,80136,-157.037510,13.030158
Jessica Porter,33,1961 Middleton Turnpike Apt. 430,South Coreytown,Louisiana,43781,-167.888741,7.853223
Mrs. Anita Munoz MD,56,71329 Davis Glens,Port Janetstad,Delaware,31117,124.001649,67.9420015
Molly Greene,62,7682 Bailey Mount,Rodriguezfurt,Virginia,78646,92.606977,-14.039981
Thomas Andersen,74,1515 Laura Points,North Juliebury,Colorado,90329,26.791962,-19.445689
Rodney Jones,63,0148 Mcgrath Trail Suite 849,Lake Julie,Rhode Island,92159,29.582030,-23.112930
Courtney Atkinson,22,135 Garcia Crescent,South Tonya,Iowa,43984,-167.627444,-71.712856
Jennifer Clarke,55,4336 Coleman Vista,North Kathleen,New Hampshire,17887,-102.951548,-30.328840
Danielle Cruz,58,260 Hunt Mills,Heidichester,South Dakota,77193,28.536683,-29.683912
Richard Reilly,68,5101 Rachael Spurs,Lake Amanda,Indiana,80154,1.509947,89.888337
Michelle Schmidt,43,920 Chavez Crescent,North Pamela,Nevada,76742,-10.889174,19.940684
Michael Richardson,76,6878 Joseph Mission,Rodriguezborough,Tennessee,04302,89.182426,12.015317
Kristen Sandoval,78,164 Davis Plaza Suite 377,Thompsonland,Massachusetts,60966,78.389851,-70.406397
Jamie Clark,33,4818 Sally Expressway Apt. 012,Aaronview,Nebraska,02081,-109.573963,7.4894475
Danny Jones,75,35761 Patricia Canyon,Lake Erikport,Idaho,22731,152.278072,86.395455
John Hebert,19,21544 Katherine Road,Cobbland,Washington,45391,-7.980408,-78.9548835
Maria Hart,34,1890 Lawson Stravenue,Lake Vanessaborough,Missouri,48273,29.045421,25.7511505
Elizabeth Pineda,30,5092 Gonzalez Lights Suite 750,West Curtisland,Florida,20374,-21.598892,40.102825
Richard Taylor,75,4593 Williams Brooks,Brownbury,Indiana,08675,93.497673,52.5450345
Jon Clark,32,43200 Adams Meadows Suite 366,Mcdowellmouth,Arkansas,28701,-101.769251,8.1661085
Deborah Nelson,38,8331 Angela Street,South Joeland,New York,79860,-168.517457,86.3236495
Carlos Sanford,61,2677 Karen Brook,North Andrewberg,California,44425,-31.121705,-26.875331
Amanda Thompson,24,723 Ruiz River,South Christopher,Missouri,12977,-80.985627,-53.8795905
Jennifer Wise,63,99985 Anna Square Suite 866,South Patrick,Delaware,20777,0.847069,-88.207607
Pamela Elliott,67,3496 Jonathan Flat Apt. 674,Cannonmouth,Massachusetts,04626,-68.015514,24.949736
Clarence Duke,59,334 Young Branch Suite 785,Brownbury,Kansas,46795,-143.638455,13.340713
Michael Hardin,59,8787 Schmidt River,Jamieview,Vermont,26343,-128.440526,-25.2308105
Teresa Mays,28,929 Emily Highway Suite 515,Hendersonstad,Louisiana,33438,-71.927868,47.6560975
Benjamin Pennington,44,1987 Diaz Streets Apt. 495,Lozanoburgh,South Carolina,42584,-5.561460,78.829625
Michael Mccoy,59,820 Angel River Apt. 419,East Adamfort,Georgia,12011,-128.984338,-24.725460
Sarah Campos,23,924 Patricia Freeway,East Alexisville,Maryland,95359,173.455839,-48.5225435
Jeremy Wood,73,4925 Johnson Mission Suite 925,Jacobstad,New Hampshire,64742,-32.261767,-20.537375
Steven Olsen,73,381 Bryan Station Apt. 748,Port Tannertown,Nebraska,62639,1.560954,-48.153028
Joshua Gilbert,65,01086 Long Mount Apt. 594,Brockville,Virginia,08587,115.670471,-37.518743
John Singh,25,651 Brady Pass,Christineborough,Florida,05152,-97.752307,-67.5535915
Victor Thompson,43,45472 Roberts Club Apt. 836,Tylerberg,Alabama,75996,167.794706,-4.7982215
Lynn Drake,73,879 Amanda Station,New Colton,Maryland,07718,-154.391251,-51.813958
Austin Clark,79,62610 Joe Overpass,South Daniel,Pennsylvania,78666,58.929401,-26.5114315
Luis Tate,79,8671 Rodriguez Dale,Lake Dawn,South Dakota,52846,137.119730,89.038504
Nicholas Odom,34,5288 Williams Pine Apt. 196,New Ericside,Montana,28861,81.306914,8.829449
Mark Martinez,28,85137 Daniel Highway Apt. 234,Victoriatown,Oklahoma,70801,151.588897,-8.3023275
Jack Walker,65,10414 Nancy Trail,Madisonville,Mississippi,16816,-72.726709,-46.3558065
Katie Lara,33,6509 Nicole Vista,South Kelseyfurt,Indiana,65359,115.565878,38.4595605
Timothy Keith,74,341 Laura Creek,East Jefferyfurt,Rhode Island,66287,98.211479,-68.9041215
Mark Brewer,18,733 Chapman Centers Suite 969,Port Lisamouth,Colorado,64083,-137.700903,11.3232985
Ryan Buck,64,72598 Troy Springs,Rebeccaland,Iowa,74496,65.694154,-37.331524
Ronald Walters,28,767 William Radial,Josephfort,Washington,89830,61.309572,-26.732013
Jennifer Robertson,74,3637 Claudia Ford,South Markfort,Arkansas,91438,-61.841630,-48.9187945
David Levine,62,8707 Mullins Stream Suite 628,Hallborough,Connecticut,78493,-70.918800,-87.2944275
Scott Haynes,46,280 Levy Ramp Apt. 465,Murrayberg,Idaho,95605,114.869255,-68.625906
Mikayla Mitchell,46,236 Howell Cliff,Kristinstad,Nebraska,46708,-144.192636,-27.8905405
Lisa Mitchell,40,023 Kari Creek Suite 434,Christopherside,Illinois,93123,88.284592,-84.292101
Erica Lewis,24,6114 Roach Lock,North Nicholas,Louisiana,84537,35.460614,-82.603806
Dalton Taylor,72,664 Garcia Junction,South Michael,South Carolina,80870,-63.014438,19.9276345
Teresa Martin,66,877 Miguel Alley,Rasmussenton,South Dakota,75540,-65.630562,72.361032
Stephanie Robinson,30,9434 Delacruz Glen Suite 088,Solomonmouth,South Dakota,57266,96.089407,48.254460
Lauren Silva,66,4756 Nicholson Inlet Suite 554,Carolchester,Montana,37336,-31.837586,73.868025
Michelle Alexander,44,784 White Knolls Suite 093,South Mitchellville,Michigan,02312,-88.240649,22.852449
Ashlee Turner,76,34358 Walter Mall Suite 884,South Deborahshire,Illinois,00872,102.383045,30.517915
Maria Gibson,80,7692 Jacobs Vista Apt. 551,West Jamie,Washington,05818,67.509824,5.444331
Anna Castaneda,75,912 Thomas Mews Suite 931,South Jenniferborough,New Mexico,46042,-179.168778,-43.1172895
Brooke Robertson,52,89447 Sean Via,Brianside,Florida,36513,-44.995986,48.6337985
James Frank,54,477 Rhonda Mountains,East Tracy,North Dakota,71462,46.107081,3.264712
Alexander Hancock,65,8044 Patricia Freeway Apt. 142,New Kenneth,Michigan,07834,-69.786197,7.024148
Martin Gibson,60,4017 Chandler Valleys Apt. 687,Fletcherbury,South Dakota,65376,-88.460322,-11.676020
Andrew Spencer,34,09043 Sexton Throughway Suite 272,Kelleyport,Iowa,72764,10.186960,44.721036
Susan Rogers,69,570 Justin Skyway Suite 814,Lake Jason,Maine,83882,75.801837,2.2009915
Nicholas Calhoun,42,2638 Anderson Fords Apt. 270,Allisonberg,Florida,44133,-119.449648,-87.899834
Matthew Gaines,30,3256 Joshua Shore Suite 353,New Crystalton,Kentucky,56518,-33.503779,-61.149062
Mary King,77,0175 Richard Harbors,Johnview,Oregon,05170,3.676179,43.150949
Miss Monica Williams,53,5373 Christopher Burg,Carlyview,Minnesota,59731,113.953194,81.865534
John Hernandez,44,245 Anna Island Suite 443,East Emilyville,Idaho,23888,13.414171,-89.539764
Tiffany Hernandez,71,7831 Johnston Point Suite 708,West Seanburgh,Connecticut,17316,-104.628743,42.2071675
Meagan Garcia,40,6987 Jackson Shore,Loveport,Nebraska,24301,81.650970,-61.615021
Jennifer Ortega,77,188 Martha Fords Apt. 720,Carpenterchester,Texas,46315,-176.003310,-73.4670405
Edward Parker,30,95874 Laurie Port,Lake Elizabeth,Michigan,38468,-62.587356,-6.4729645
Alec Ortiz,27,18379 West Valley Suite 284,Port Markport,South Carolina,26833,122.527620,-18.140223
Kelly Keith,70,09059 Smith Locks,Stoneville,Connecticut,12939,-68.558678,41.182336
Gregory Garcia,28,57464 Hunt Avenue,West Tyler,Maryland,13466,-32.418775,62.067166
Antonio Mcbride,73,1130 Ramirez Courts Apt. 123,West Scott,Texas,22503,61.465504,-79.0383415
Kathy Michael,62,580 Laura Rapid,West Denise,Idaho,20932,-35.167117,64.5222375
Kyle Jackson,70,06388 White Island,Dennistown,Delaware,44051,-106.516209,-15.854971
Michael Saunders,77,6873 Byrd Locks,Jenniferborough,Indiana,29080,-9.402428,-78.230247
Mason Lopez,40,0689 Chen Plains,West Davidchester,Arkansas,08096,114.253156,76.1689445
Seth Lowe,36,81278 Brown Walk Suite 440,New Anthony,Connecticut,38369,-50.323960,-29.660108
Theresa Nunez,66,3990 Boyd Lodge,East Rachelfort,Iowa,43804,123.468691,-48.702435
Ryan Thompson,21,600 Shaun Lake Apt. 133,Lesliemouth,Minnesota,53850,-26.830561,-87.7201475
Nicholas Padilla,62,630 Osborne Skyway Suite 382,North Christychester,Massachusetts,69869,-158.286602,-44.8764575
Daniel Shelton,44,211 Long Drive Suite 794,East Jodytown,Alabama,38703,84.997333,17.9644135
Charles Morgan,65,01310 Moore Pine Suite 576,Port Donna,California,82267,-132.704006,-75.487875
Donna Lopez,47,3905 King Gardens Suite 159,Kimberlyton,Hawaii,82243,80.541565,-60.8985935
Amanda Thompson,35,027 Moore Branch,Perezberg,Missouri,01570,28.493263,-58.970972
Sabrina Larson,45,262 Kenneth Junction,Lake Gary,Michigan,58537,-116.613571,-13.2111545
Christopher Anderson,80,968 Darlene Extension Apt. 298,Gordonmouth,Massachusetts,01254,-59.547858,-6.3853145
Melanie Davis,57,663 Heather Tunnel,Harrisport,Ohio,80135,-104.273373,-41.683769
Carrie Fletcher,52,156 Alvarez Mission Suite 392,Perrystad,Kansas,15170,88.495883,-81.879377
Robert Smith,62,450 Connor Road Suite 334,Nelsonberg,Vermont,83829,38.915371,-77.789798
Robert Warren,52,9882 Wilson Flat Apt. 734,Spencerside,Nebraska,79000,-123.400750,46.947258
Michael Ball,24,3327 Cameron Freeway Suite 947,South Mollybury,Alaska,67398,-146.833712,-89.624259
Mrs. Monica Sellers,59,32843 Sierra Cove,North Robert,North Dakota,96019,-2.370111,68.824181
Jason Kennedy,64,21844 Catherine Prairie Apt. 215,Murphyburgh,Kentucky,75292,-107.278984,-71.378386
Heather Smith,20,7073 Amber Cape,West Miketown,Nebraska,23078,109.761224,83.8892915
Michael Luna DVM,30,9950 Jonathan Roads,New Josephfurt,Arkansas,96723,102.502956,-34.553332
Michael Beard,46,7611 Christopher Stravenue Suite 498,South Patrickville,Indiana,03122,-148.157106,53.1065625
Amber Valenzuela,58,3636 Michael Plaza Suite 873,Port Keithland,Oklahoma,86062,-38.638455,8.8936385
Paul Harrison,42,0813 Johnson Street,Alexanderview,New York,78366,-63.620997,-0.3104085
Donald Mcpherson,74,649 Thompson Tunnel,Conleymouth,North Carolina,02521,137.960553,-63.161693
Brian Murphy,33,70996 Perry Motorway,West Jennifer,Rhode Island,53622,17.746033,-50.947924
Diana Long,59,691 Barnes Lock,West Shannon,North Carolina,16242,50.088892,50.412615
Amanda Wagner,70,52913 Jose Mill Apt. 014,Booneshire,Kansas,04377,-66.316235,80.357457
Mark Becker,72,49919 Stephen Mountains,New Christopher,Connecticut,95597,139.447923,78.5936305
Christopher Flores,55,84072 Barbara Rapid Apt. 359,Tylermouth,Montana,36058,169.422279,13.603960
Jason Mccormick,66,69935 Garza Pass,Nicoleview,Arizona,35604,79.419219,8.844155
Brian Cook,76,8344 Melissa Ports,Danielfurt,Wyoming,79902,-33.676228,-66.6598875
Rebecca Vaughn,70,11739 Rhonda Lake,Diazfort,Illinois,48036,158.035661,61.0094345
Sierra Hall,62,079 Rebecca Glen Suite 310,Leefurt,Virginia,36395,-18.022522,28.581994
Jamie Williams,49,6974 Andrew Burg,New Katherine,Mississippi,14459,-78.834715,54.824130
Grant Hunt,46,6758 Lisa Plaza,Blackside,Pennsylvania,99072,106.484264,-33.8687615
Sara Cross,32,5390 Rhodes Dale,Williamsburgh,Tennessee,21483,-94.418766,34.2923595
Anthony Smith,71,19949 Melanie Mountains Suite 057,Fosterville,New York,29631,175.833835,-35.8826355
Mark Clark,75,55914 Scott Junctions Apt. 594,Ruizport,Colorado,25462,-153.652819,56.829061
Jose Cox,64,279 Holland Trail Apt. 567,West Tracey,Kentucky,44701,172.407157,-68.371492
Madison Gibson,80,4101 Cannon Station,East Robert,North Carolina,50288,143.099480,37.2027855
Daniel Marshall,69,024 Johnson Drive,Sarahland,Michigan,20167,-73.760265,56.994536
Alan Wright,35,627 Reyes Roads Suite 063,North Valeriefort,Tennessee,55243,-108.886600,66.4023615
Richard Richards,32,5188 Cory Ways,Brownhaven,Kansas,67756,-40.916543,-72.130891
Tammy Ford,70,8654 Carolyn Station,Catherineborough,Washington,10365,58.389628,-33.385475
Kathryn Donovan,58,72520 Waller Ways Suite 407,Ramoschester,Pennsylvania,94526,43.984693,-3.6235815
Jason Marks,25,5431 Keller Mount,New Jamesfurt,Texas,30702,54.596288,40.962961
Taylor Ramirez,25,356 Alexandria Views,Reynoldsmouth,Florida,73751,-29.342418,-83.652399
Thomas Garcia,22,869 Kenneth Crossing Suite 334,Rileyview,West Virginia,76105,-37.146791,-20.7863785
Lauren Stanley,21,9009 Matthew Squares,Dawntown,North Dakota,80413,53.474596,5.5907245
Phillip Jones,68,692 Peter Grove,Joton,New Mexico,00916,-40.368652,13.9674655
Jennifer Davis,62,3149 Williams Parks,Lake Brandonfort,Arizona,29351,-73.981986,53.5705145
Nicholas Hall,38,885 Gonzalez Cliff,West Kaylaburgh,Colorado,11153,-157.905058,69.3247745
Bethany Perez,49,605 Daniel Place Suite 706,Woodsfort,Connecticut,78708,105.482270,-27.980707
Sheila Ward,78,5957 Roberson Drives,South Mistyburgh,Washington,77312,111.492734,30.281332
Russell Gilbert,80,834 James Pine,Jenniferberg,New Hampshire,64166,-144.857821,3.8267425
Justin Dalton,38,358 Wright Highway,East Jonathanside,North Carolina,17900,-109.804555,29.8897635
Ashley Smith,78,695 Garcia Fords,Lake Christopherburgh,Alabama,79915,-174.753266,49.4535865
Derek Burgess,63,1931 Lori Divide,Justintown,Delaware,97936,11.384039,41.3435805
Nicole Serrano,73,185 Kyle Inlet,Josephchester,Rhode Island,89491,151.670076,81.7236045
Ricky Aguilar,23,74559 Douglas Ranch Suite 622,North Erinville,Wyoming,31099,13.428109,-78.9870965
Kevin Miller,31,43948 Floyd Flat Suite 835,Carrieport,Ohio,90020,143.291986,-15.2014505
Sandra Thompson,42,42158 Joel Hills Apt. 341,Hunterville,New Jersey,28794,142.168661,-43.7857275
Jose Watkins,44,885 Geoffrey Fort,New Bradley,Indiana,34127,-142.813164,55.795312
Amber Maldonado,59,761 Mary Course,Velasquezport,New Hampshire,94972,130.182124,23.0870405
Kimberly Stewart,19,64459 Sara Turnpike Suite 729,Davisstad,Iowa,88817,-158.293499,77.2682235
Craig Levy,25,6238 Davidson Springs,Fisherborough,Delaware,72183,-49.037838,-27.033642
Keith Gray,75,18206 Ortiz Unions Apt. 681,Patelport,Oklahoma,10902,-22.133459,-49.414196
Benjamin Perez,18,31601 Ramirez Islands Suite 653,Valdezhaven,New York,40550,-107.847443,-11.472333
Madison Thompson,24,295 Stephens Harbor Suite 036,Stricklandhaven,Wisconsin,94911,-9.839718,-34.4179865
Diana Daniel,23,84596 Simmons Rapid Suite 036,Lewisstad,Arkansas,86256,-105.840077,-33.1042575
James Singh,80,9300 Nicholas Harbor,Jessicamouth,Kansas,39322,-0.603280,84.6984485
Jeff Miller,26,577 Deanna Crest Apt. 328,Lake Laurenfort,Oregon,64865,179.372613,14.694095
Jasmine Larson,37,82174 Hayes Club,Nielsenburgh,South Dakota,33691,179.152208,1.936826
Holly Moore,39,56734 Rachel Vista Suite 034,Johnsonland,Louisiana,05561,-46.889619,40.522873
Debra York,52,456 Leslie Plaza Apt. 464,Lake Rebeccaside,Oregon,26206,-26.435099,-80.6020655
Patrick Ford,51,38410 Timothy Circles Apt. 417,New Linda,Kentucky,12140,8.621295,-48.0360805
